{
  "request": {
    "method": "POST",
    "urlPathPattern": "/investments/positions"
  },
  "response": {
    "status": 200,
    "headers": {
      "Content-Type": "application/json"
    },
    "jsonBody": {
      "data": {
        "summary": [
          {
            "portfolioNumber": 80001001,
            "iban": "NL08RABO0101921012",
            "valueWithCash": 0,
            "valueWithoutCash": 0,
            "amountsToBeBooked": null,
            "totalAccruedInterest": 0
          }
        ]
      }
    }
  }
}