<document xmlns="http://maven.apache.org/changes/1.0.0"
          xmlns:xsi="http://www.w3.org/2001/XMLSchema-instance"
          xsi:schemaLocation="http://maven.apache.org/changes/1.0.0 http://maven.apache.org/xsd/changes-1.0.0.xsd">
    <properties>
        <title>${project.name}</title>
    </properties>
    <body>
        <release version="1.0.1-${revision}" date="${release.date}" description="ADR addition">
            <action type="add" date="27-11-2022" dev="Andre.Duursma@rabobank.nl">
                Added the handling-service-client-transitive-dependencies ADR.
            </action>
        </release>

        <release version="1.0.0-${revision}" date="${release.date}" description="Initial setup">
            <action type="add" date="16-11-2022" dev="Andre.Duursma@rabobank.nl">
                Added the properties-files-vs-yaml-files ADR.
            </action>
            <action type="add" date="16-11-2022" dev="Andre.Duursma@rabobank.nl">
                Added a changes.xml file to keep track of our changes.
            </action>
        </release>
    </body>
</document>
