{
  "request": {
    "method": "GET",
    "urlPathPattern": "/advised-profiles"
  },
  "response": {
    "status": 200,
    "headers": {
      "Content-Type": "application/json"
    },
    "jsonBody": {
      "advisedInvestmentProfile": "NT",
      "adviceDetails": [
        {
          "investmentProfileCode": "HS",
          "isAllowed": false,
          "isIsGoalWithAmount": true,
          "isIsDurationSufficient": true,
          "isIsMentalRiskSufficient": true,
          "isIsInterimLossSufficient": true,
          "isIsGoalReachable": false,
          "isIsGoalReachabilityImportant": false
        },
        {
          "investmentProfileCode": "ZD",
          "isAllowed": false,
          "isIsGoalWithAmount": true,
          "isIsDurationSufficient": true,
          "isIsMentalRiskSufficient": true,
          "isIsInterimLossSufficient": true,
          "isIsGoalReachable": false,
          "isIsGoalReachabilityImportant": false
        },
        {
          "investmentProfileCode": "DF",
          "isAllowed": false,
          "isIsGoalWithAmount": true,
          "isIsDurationSufficient": true,
          "isIsMentalRiskSufficient": true,
          "isIsInterimLossSufficient": true,
          "isIsGoalReachable": false,
          "isIsGoalReachabilityImportant": false
        },
        {
          "investmentProfileCode": "NT",
          "isAllowed": true,
          "isIsGoalWithAmount": true,
          "isIsDurationSufficient": true,
          "isIsMentalRiskSufficient": true,
          "isIsInterimLossSufficient": true,
          "isIsGoalReachable": true,
          "isIsGoalReachabilityImportant": false
        },
        {
          "investmentProfileCode": "OF",
          "isAllowed": false,
          "isIsGoalWithAmount": true,
          "isIsDurationSufficient": true,
          "isIsMentalRiskSufficient": true,
          "isIsInterimLossSufficient": false,
          "isIsGoalReachable": true,
          "isIsGoalReachabilityImportant": false
        },
        {
          "investmentProfileCode": "ZO",
          "isAllowed": false,
          "isIsGoalWithAmount": true,
          "isIsDurationSufficient": true,
          "isIsMentalRiskSufficient": false,
          "isIsInterimLossSufficient": false,
          "isIsGoalReachable": true,
          "isIsGoalReachabilityImportant": false
        },
        {
          "investmentProfileCode": "SC",
          "isAllowed": false,
          "isIsGoalWithAmount": true,
          "isIsDurationSufficient": false,
          "isIsMentalRiskSufficient": false,
          "isIsInterimLossSufficient": false,
          "isIsGoalReachable": false,
          "isIsGoalReachabilityImportant": false
        }
      ]
    }
  }
}
