<document xmlns="http://maven.apache.org/changes/1.0.0"
          xmlns:xsi="http://www.w3.org/2001/XMLSchema-instance"
          xsi:schemaLocation="http://maven.apache.org/changes/1.0.0 http://maven.apache.org/xsd/changes-1.0.0.xsd">
    <properties>
        <title>${project.name}</title>
    </properties>
    <body>
        <release version="2.4.0-${revision}" date="${release.date}" description="Util functions">
            <action type="update" date="05-01-2023" dev="Michael.Servaas@rabobank.nl">
                Added keystore certificate loading utility functions.
            </action>
        </release>
        <release version="2.3.5-${revision}" date="${release.date}" description="Fixes">
            <action type="fix" date="23-12-2022" dev="Andre.Duursma@rabobank.nl">
                Reverted AH client because the latest version released is actually a test version :-(.
            </action>
        </release>

        <release version="2.3.4-${revision}" date="${release.date}" description="Upgrades">
            <action type="add" date="14-12-2022" dev="madan.ramineni@rabobank.nl">
                added else check to validate roles which are not implemented
            </action>
        </release>

        <release version="2.3.3-${revision}" date="${release.date}" description="Upgrades">
            <action type="update" date="21-11-2022" dev="Andre.Duursma@rabobank.nl">
                Upgraded Kotlin version to 1.7.21.
            </action>
            <action type="update" date="21-11-2022" dev="Andre.Duursma@rabobank.nl">
                Upgraded Spring Cloud version to 2021.0.5.
            </action>
        </release>

        <release version="2.3.2-${revision}" date="${release.date}" description="Spring Actuator Endpoint added">
            <action type="update" date="03-11-2022" dev="pieter.botha@rabobank.nl">
                Added spring actuator endpoint to whitelisting.
            </action>
        </release>

        <release version="2.3.1-${revision}" date="${release.date}" description="Upgrades">
            <action type="update" date="21-10-2022" dev="Andre.Duursma@rabobank.nl">
                Upgraded Spring Boot version to 2.7.5.
            </action>
            <action type="update" date="21-10-2022" dev="Andre.Duursma@rabobank.nl">
                Upgraded PITest dependencies.
            </action>
            <action type="update" date="21-10-2022" dev="Andre.Duursma@rabobank.nl">
                Upgraded snakeyaml dependency to resolve security vulnerabilities.
            </action>
            <action type="update" date="21-10-2022" dev="Andre.Duursma@rabobank.nl">
                Upgraded (transitive) commons-text dependency to resolve security vulnerabilities.
            </action>
        </release>

        <release version="2.3.0-${revision}" date="${release.date}" description="Nexus2 to Nexus3 migration">
            <action type="update" date="11-10-2022" dev="Andre.Duursma@rabobank.nl">
                Changed the Nexus2 repository URL's to the Nexus3 counterparts.
            </action>
            <action type="update" date="11-10-2022" dev="Andre.Duursma@rabobank.nl">
                Upgraded Kotlin version to 1.7.20.
            </action>
        </release>

        <release version="2.2.8-${revision}" date="${release.date}" description="Conditional Bean for CORS">
            <action type="update" date="11-10-2022" dev="pieter.botha@rabobank.nl">
                Added conditional type for starting up the CORS config source. This allows for overriding of the bean in a predictable manner at runtime.
            </action>
        </release>

        <release version="2.2.7-${revision}" date="${release.date}" description="Upgrades">
            <action type="update" date="29-09-2022" dev="Akhil.Jain@rabobank.nl">
                Use new version of agreement client to retrieve details for payment order processing.
            </action>
        </release>

        <release version="2.2.6-${revision}" date="${release.date}" description="Upgrades">
            <action type="update" date="23-09-2022" dev="Andre.Duursma@rabobank.nl">
                Upgraded Spring Boot version to 2.7.4.
            </action>
            <action type="update" date="23-09-2022" dev="Andre.Duursma@rabobank.nl">
                Upgraded Spring Cloud version to 2021.0.4.
            </action>
        </release>

        <release version="2.2.5-${revision}" date="${release.date}" description="Upgrades">
            <action type="update" date="24-08-2022" dev="Andre.Duursma@rabobank.nl">
                Upgraded Spring Boot version to 2.7.3.
            </action>
        </release>

        <release version="2.2.4-${revision}" date="${release.date}" description="Update authorizations">
            <action type="update" issue="4996597" date="15-08-2022" dev="Akhil.Jain@rabobank.nl">
                Use agreement service authorizations graphql query from team Cactus.
            </action>
        </release>

        <release version="2.2.3-${revision}" date="${release.date}" description="Upgrades">
            <action type="update" date="25-07-2022" dev="Andre.Duursma@rabobank.nl">
                Upgraded Spring Boot version to 2.7.2.
            </action>
            <action type="update" date="25-07-2022" dev="Andre.Duursma@rabobank.nl">
                Upgraded Kotlin version to 1.7.10.
            </action>
        </release>

        <release version="2.2.2-${revision}" date="${release.date}" description="Upgrades">
            <action type="update" date="27-06-2022" dev="Akhil.Jain@rabobank.nl">
                Updated KEC edit authorizations to allow legal representatives.
            </action>
        </release>

        <release version="2.2.1-${revision}" date="${release.date}" description="Upgrades">
            <action type="update" date="27-06-2022" dev="Akhil.Jain@rabobank.nl">
                Use new version of Agreements service client with product name.
            </action>
        </release>

        <release version="2.2.0-${revision}" date="${release.date}" description="Upgrades">
            <action type="update" date="24-06-2022" dev="Akhil.Jain@rabobank.nl">
                Use new commons agreement service client for Authorizations.
            </action>
            <action type="update" date="24-06-2022" dev="Akhil.Jain@rabobank.nl">
                Upgraded Java version to Java 17.
            </action>
            <action type="update" date="24-06-2022" dev="Akhil.Jain@rabobank.nl">
                Upgraded Spring Boot version to 2.7.1.
            </action>
        </release>

        <release version="2.1.3-${revision}" date="${release.date}" description="Upgrades">
            <action type="update" date="13-06-2022" dev="Akhil.Jain@rabobank.nl">
                Removed unused exception class - InvalidTokenException.
            </action>
        </release>

        <release version="2.1.2-${revision}" date="${release.date}" description="Upgrades">
            <action type="update" date="13-06-2022" dev="Andre.Duursma@rabobank.nl">
                Upgraded Kotlin version to 1.7.0.
            </action>
        </release>

        <release version="2.1.1-${revision}" date="${release.date}" description="Upgrades">
            <action type="update" date="01-06-2022" dev="Andre.Duursma@rabobank.nl">
                Upgraded Spring Cloud version to 2021.0.3.
            </action>
        </release>

        <release version="2.1.0-${revision}" date="${release.date}" description="Upgrades">
            <action type="update" date="21-05-2022" dev="Andre.Duursma@rabobank.nl">
                Upgraded Spring Boot version to 2.7.0.
            </action>
        </release>

        <release version="2.0.2-${revision}" date="${release.date}" description="Upgrades">
            <action type="update" date="19-05-2022" dev="Andre.Duursma@rabobank.nl">
                Upgraded Spring Boot version to 2.6.8.
            </action>
        </release>

        <release version="2.0.1-${revision}" date="${release.date}" description="Fix for empty userId">
            <action type="fix" date="13-05-2022" dev="Jason.Domatilia@rabobank.nl">
                Fix for employee principal unique name not set
            </action>
        </release>

        <release version="2.0.0-${revision}" date="${release.date}" description="Add authorization">
            <action type="add" date="09-05-2022" dev="Jason.Domatilia@rabobank.nl">
                Add customer and employee authorization.
            </action>
        </release>
    </body>
</document>
