<document xmlns="http://maven.apache.org/changes/1.0.0"
          xmlns:xsi="http://www.w3.org/2001/XMLSchema-instance"
          xsi:schemaLocation="http://maven.apache.org/changes/1.0.0 http://maven.apache.org/xsd/changes-1.0.0.xsd">
    <properties>
        <title>${project.name}</title>
    </properties>
    <body>
        <release version="2.6.6-${revision}" date="${release.date}" description="Splunk Micrometer Publishing">
            <action type="add" date="11-01-2023" dev="pieter.botha@rabobank.nl">
                Added Splunk Micrometer Registry to push custom metrics - Resilience4J.
            </action>
        </release>
        <release version="2.6.5-${revision}" date="${release.date}" description="Splunk Observability Cloud">
            <action type="add" date="22-12-2021" dev="pieter.botha@rabobank.nl">
                Added Splunk Observability Cloud dependency to Spring Boot executable JAR.
            </action>
        </release>

        <release version="2.6.4-${revision}" date="${release.date}" description="Splunk Observability Cloud">
            <action type="add" date="20-12-2021" dev="pieter.botha@rabobank.nl">
                Removed Splunk SignalFX registry and added Splunk APM
            </action>
        </release>

        <release version="2.6.3-${revision}" date="${release.date}" description="Splunk Observability Cloud">
            <action type="add" date="15-12-2021" dev="pieter.botha@rabobank.nl">
                Added Splunk Observability Cloud dependency.
            </action>
        </release>

        <release version="2.6.2-${revision}" date="${release.date}" description="Zipkin">
            <action type="add" date="06-12-2021" dev="Andre.Duursma@rabobank.nl">
                Added Spring Cloud Zipkin dependency.
            </action>
        </release>

        <release version="2.6.1-${revision}" date="${release.date}" description="Feign client generation">
            <action type="add" date="25-11-2022" dev="Andre.Duursma@rabobank.nl">
                Added a generate-feign-client profile for generating a Feign Client to be used in a BFF.
            </action>
        </release>

        <release version="2.6.0-${revision}" date="${release.date}" description="Bill of Materials">
            <action type="update" date="24-11-2022" dev="Andre.Duursma@rabobank.nl">
                Extend the new Bill of Materials (BOM) kyca-maven-bom parent POM to add centralized dependency and plugin management.
            </action>
        </release>

        <release version="2.5.7-${revision}" date="${release.date}" description="Upgrades">
            <action type="update" date="21-11-2022" dev="Andre.Duursma@rabobank.nl">
                Upgraded Kotlin version to 1.7.21.
            </action>
            <action type="update" date="21-11-2022" dev="Andre.Duursma@rabobank.nl">
                Upgraded Spring Cloud version to 2021.0.5.
            </action>
        </release>

        <release version="2.5.6-${revision}" date="${release.date}" description="RESTDocs utilities">
            <action type="update" date="04-11-2022" dev="Andre.Duursma@rabobank.nl">
                Whitelisted default Spring Boot Actuator URI (/actuator).
            </action>
        </release>

        <release version="2.5.5-${revision}" date="${release.date}" description="RESTDocs utilities">
            <action type="add" date="03-11-2022" dev="Andre.Duursma@rabobank.nl">
                Added RESTDocs utilities to be able to externalize descriptions used in documentation test cases.
            </action>
        </release>

        <release version="2.5.4-${revision}" date="${release.date}" description="Upgrades">
            <action type="update" date="31-10-2022" dev="Andre.Duursma@rabobank.nl">
                Moved generating the API Documentation from the 'test' phase to the 'prepare-package' phase to be able to generate documentation
                when using the 'all-profiles' profile.
            </action>
            <action type="update" date="28-10-2022" dev="Andre.Duursma@rabobank.nl">
                Upgraded Spring RESTDocs version to 2.0.6.
            </action>
        </release>

        <release version="2.5.3-${revision}" date="${release.date}" description="Upgrades">
            <action type="update" date="21-10-2022" dev="Andre.Duursma@rabobank.nl">
                Upgraded Spring Boot version to 2.7.5.
            </action>
            <action type="update" date="21-10-2022" dev="Andre.Duursma@rabobank.nl">
                Upgraded PITest dependencies.
            </action>
            <action type="update" date="21-10-2022" dev="Andre.Duursma@rabobank.nl">
                Upgraded snakeyaml dependency to resolve security vulnerabilities.
            </action>
            <action type="update" date="21-10-2022" dev="Andre.Duursma@rabobank.nl">
                Upgraded (transitive) commons-text dependency to resolve security vulnerabilities.
            </action>
        </release>

        <release version="2.5.2-${revision}" date="${release.date}" description="Additional property to log">
            <action type="add" date="17-10-2022" dev="Andre.Duursma@rabobank.nl">
                Added logging the RABOPCF_SYSTEM_ENV environment variable to be able to see from where a log event
                originated.
            </action>
        </release>

        <release version="2.5.1-${revision}" date="${release.date}" description="Asciidoctor Diagrams">
            <action type="add" date="13-10-2022" dev="Andre.Duursma@rabobank.nl">
                Added Asciidoctor Diagrams to the documentation-test profile to be able to incorporate PlantUML diagrams
                in our API documentation.
            </action>
        </release>

        <release version="2.5.0-${revision}" date="${release.date}" description="Nexus2 to Nexus3 migration">
            <action type="update" date="11-10-2022" dev="Andre.Duursma@rabobank.nl">
                Changed the Nexus2 repository URL's to the Nexus3 counterparts.
            </action>
            <action type="update" date="11-10-2022" dev="Andre.Duursma@rabobank.nl">
                Upgraded Kotlin version to 1.7.20.
            </action>
        </release>

        <release version="2.4.10-${revision}" date="${release.date}" description="Upgrades">
            <action type="update" date="11-10-2022" dev="pieter.botha@rabobank.nl">
                Updated commons security for conditional cors bean change
            </action>
        </release>

        <release version="2.4.9-${revision}" date="${release.date}" description="Upgrades">
            <action type="update" date="29-09-2022" dev="Akhil.Jain@rabobank.nl">
                Use new version of agreement client to retrieve details for payment order processing
            </action>
        </release>

        <release version="2.4.8-${revision}" date="${release.date}" description="Upgrades">
            <action type="update" date="23-09-2022" dev="Andre.Duursma@rabobank.nl">
                Upgraded Spring Boot version to 2.7.4.
            </action>
            <action type="update" date="23-09-2022" dev="Andre.Duursma@rabobank.nl">
                Upgraded Spring Cloud version to 2021.0.4.
            </action>
        </release>

        <release version="2.4.7-${revision}" date="${release.date}" description="Upgrades">
            <action type="update" date="19-09-2022" dev="madan.ramineni@rabobank.nl">
                updated the web starter and logging component versions
            </action>
        </release>

        <release version="2.4.6-${revision}" date="${release.date}" description="Upgrades">
            <action type="update" date="24-08-2022" dev="Akhil.Jain@rabobank.nl">
                Removed hardcoded 2.x kafka version to use spring managed 3.x.
            </action>
        </release>

        <release version="2.4.5-${revision}" date="${release.date}" description="Upgrades">
            <action type="update" date="24-08-2022" dev="Andre.Duursma@rabobank.nl">
                Upgraded Spring Boot version to 2.7.3.
            </action>
        </release>

        <release version="2.4.4-${revision}" date="${release.date}" description="Upgrades">
            <action type="update" date="15-08-2022" dev="Akhil.Jain@rabobank.nl">
                Use authorizations graphql query from team Cactus.
            </action>
        </release>

        <release version="2.4.3-${revision}" date="${release.date}" description="Upgrades">
            <action type="update" date="25-07-2022" dev="Andre.Duursma@rabobank.nl">
                Upgraded Spring Boot version to 2.7.2.
            </action>
            <action type="update" date="25-07-2022" dev="Andre.Duursma@rabobank.nl">
                Upgraded Kotlin version to 1.7.10.
            </action>
        </release>

        <release version="2.4.2-${revision}" date="${release.date}" description="Upgrades">
            <action type="update" date="28-06-2022" dev="Akhil.Jain@rabobank.nl">
                Use new version of security component with updated KEC edit rights.
            </action>
        </release>

        <release version="2.4.1-${revision}" date="${release.date}" description="Upgrades">
            <action type="add" date="27-06-2022" dev="Akhil.Jain@rabobank.nl">
                Use new version of agreement service client for product name.
            </action>
        </release>

        <release version="2.4.0-${revision}" date="${release.date}" description="Upgrades">
            <action type="add" date="26-06-2022" dev="Akhil.Jain@rabobank.nl">
                Use new commons agreement service client.
            </action>
            <action type="update" date="26-06-2022" dev="Akhil.Jain@rabobank.nl">
                Upgraded Java version to Java 17.
            </action>
            <action type="update" date="26-06-2022" dev="Akhil.Jain@rabobank.nl">
                Upgraded Spring Boot version to 2.7.1.
            </action>
        </release>

        <release version="2.3.2-${revision}" date="${release.date}" description="Reverted Fix">
            <action type="fix" date="14-06-2022" dev="Akhil.Jain@rabobank.nl">
                Reverted Fix: Removed JsonInclude.NOT_NULL serialization default from object mapper.
            </action>
        </release>

        <release version="2.3.1-${revision}" date="${release.date}" description="Fix">
            <action type="fix" date="14-06-2022" dev="Akhil.Jain@rabobank.nl">
                Fix: Removed JsonInclude.NOT_NULL serialization default from object mapper.
            </action>
        </release>

        <release version="2.3.0-${revision}" date="${release.date}" description="Commons web starter">
            <action type="add" date="14-06-2022" dev="Akhil.Jain@rabobank.nl">
                Added commons web spring boot starter component.
            </action>
        </release>

        <release version="2.2.2-${revision}" date="${release.date}" description="Upgrades">
            <action type="update" date="13-06-2022" dev="Andre.Duursma@rabobank.nl">
                Upgraded Kotlin version to 1.7.0.
            </action>
        </release>

        <release version="2.2.1-${revision}" date="${release.date}" description="Upgrades">
            <action type="update" date="01-06-2022" dev="Andre.Duursma@rabobank.nl">
                Upgraded Spring Cloud version to 2021.0.3.
            </action>
        </release>

        <release version="2.2.0-${revision}" date="${release.date}" description="Upgrades">
            <action type="update" date="21-05-2022" dev="Andre.Duursma@rabobank.nl">
                Upgraded Spring Boot version to 2.7.0.
            </action>
        </release>

        <release version="2.1.22-${revision}" date="${release.date}" description="Upgrades">
            <action type="update" date="19-05-2022" dev="Andre.Duursma@rabobank.nl">
                Upgraded Spring Boot version to 2.6.8.
            </action>
        </release>

        <release version="2.1.21-${revision}" date="${release.date}" description="Bugfix">
            <action type="fix"  date="13-05-2022" dev="Jason.Domatilia@rabobank.nl">
                Fixed employee principal unique name not set.
            </action>
        </release>

        <release version="2.1.20-${revision}" date="${release.date}" description="Add commons security">
            <action type="add" issue="4398113" date="11-05-2022" dev="Jason.Domatilia@rabobank.nl">
                Add commons security component
            </action>
        </release>

        <release version="2.1.19-${revision}" date="${release.date}" description="Bugfix">
            <action type="fix" issue="4398113" date="05-05-2022" dev="Andre.Duursma@rabobank.nl">
                Fixed log configuration issue where exclusion patterns and property/element masking wasn't applied.
            </action>
        </release>

        <release version="2.1.18-${revision}" date="${release.date}" description="Upgrades">
            <action type="update" date="30-04-2022" dev="Andre.Duursma@rabobank.nl">
                Upgraded Spring Cloud version to 2021.0.2.
            </action>
        </release>

        <release version="2.1.17-${revision}" date="${release.date}" description="Upgrades">
            <action type="update" date="25-04-2022" dev="Andre.Duursma@rabobank.nl">
                Upgraded Spring Boot version to 2.6.7.
            </action>
        </release>

        <release version="2.1.16-${revision}" date="${release.date}" description="Upgrades">
            <action type="update" date="20-04-2022" dev="Andre.Duursma@rabobank.nl">
                Upgraded Kotlin version to 1.6.21.
            </action>
        </release>

        <release version="2.1.15-${revision}" date="${release.date}" description="Framework upgrades">
            <action type="update" date="04-04-2022" dev="Andre.Duursma@rabobank.nl">
                Upgraded Kotlin version to 1.6.20.
            </action>
            <action type="update" date="01-04-2022" dev="Andre.Duursma@rabobank.nl">
                Upgraded Spring Boot version to 2.6.6.
            </action>
        </release>

        <release version="2.1.14-${revision}" date="${release.date}" description="Spring Boot upgrade">
            <action type="update" date="01-04-2022" dev="Andre.Duursma@rabobank.nl">
                Updated Spring Boot version to 2.6.6.
            </action>
        </release>

        <release version="2.1.13-${revision}" date="${release.date}" description="Mutation test config">
            <action type="update" date="29-03-2022" dev="Andre.Duursma@rabobank.nl">
                Updated the 'mutation test' configuration to be more flexible for use in child projects.
            </action>
        </release>

        <release version="2.1.12-${revision}" date="${release.date}" description="Spring Boot upgrade">
            <action type="update" date="24-03-2022" dev="Andre.Duursma@rabobank.nl">
                Updated Spring Boot version to 2.6.5.
            </action>
        </release>

        <release version="2.1.11-${revision}" date="${release.date}" description="Release Announcement">
            <action type="add" date="22-03-2022" dev="Andre.Duursma@rabobank.nl">
                Added the possibility to skip sending the Release Announcement.
            </action>
        </release>

        <release version="2.1.10-${revision}" date="${release.date}" description="Commons FEATURE FLAGS">
            <action type="add" issue="3743195" date="17-03-2022" dev="Andre.Duursma@rabobank.nl">
                Added Commons FEATURE FLAGS library for a uniform way of using feature flags.
            </action>
        </release>

        <release version="2.1.9-${revision}" date="${release.date}" description="Test sql files exclusion">
            <action type="add" date="10-03-2022" dev="Ganesh.Paramasivam.Subbiah@rabobank.nl">
                Added sql files used in testing to Sonar exclusion list.
            </action>
        </release>

        <release version="2.1.8-${revision}" date="${release.date}" description="Investments LOGGING">
            <action type="update" date="18-02-2022" dev="Andre.Duursma@rabobank.nl">
                Changed the KYCA Commons LOGGING component into the new Investments LOGGING component.
            </action>
        </release>

        <release version="2.1.7-${revision}" date="${release.date}" description="Spring Boot upgrade">
            <action type="update" date="25-02-2022" dev="Andre.Duursma@rabobank.nl">
                Updated Spring Boot version to 2.6.4.
            </action>
        </release>

        <release version="2.1.6-${revision}" date="${release.date}" description="Investments Parent POM">
            <action type="update" date="23-02-2022" dev="Andre.Duursma@rabobank.nl">
                Moved 'integration-test' profile to the new Investments Parent POM.
            </action>
            <action type="update" date="18-02-2022" dev="Andre.Duursma@rabobank.nl">
                Updated the parent POM to the new Investments Parent POM.
            </action>
            <action type="update" date="18-02-2022" dev="Andre.Duursma@rabobank.nl">
                Updated the Spring Cloud Services version to resolve security vulnerabilities related to the
                Spring version used.
            </action>
        </release>

        <release version="2.1.5-${revision}" date="${release.date}" description="Test sql files exclusion">
            <action type="add" date="18-02-2022" dev="dhruva.raju.aitabathula@rabobank.nl">
                Added sql files used in testing to Sonar exclusion list.
            </action>
        </release>

        <release version="2.1.4-${revision}" date="${release.date}" description="Dependency scope fix">
            <action type="add" date="10-02-2022" dev="Andre.Duursma@rabobank.nl">
                Added missing "test" scope to Kotlin test dependencies, so we don't have them available at runtime.
            </action>
        </release>

        <release version="2.1.3-${revision}" date="${release.date}" description="Enable Commons TEST">
            <action type="update" issue="3869300" date="08-02-2022" dev="Ganesh.Paramasivam.Subbiah@rabobank.nl">
                Updated Commons TEST version to upgrade to new versions of test dependencies.
            </action>
        </release>

        <release version="2.1.2-${revision}" date="${release.date}" description="Commons LOGGING">
            <action type="update" date="07-02-2022" dev="Andre.Duursma@rabobank.nl">
                Updated Commons LOGGING version to log to Splunk using Logback.
            </action>
        </release>

        <release version="2.1.1-${revision}" date="${release.date}" description="Spring Boot upgrade">
            <action type="update" date="20-01-2022" dev="Andre.Duursma@rabobank.nl">
                Updated Spring Boot version to 2.6.3.
            </action>
        </release>

        <release version="2.1.0-${revision}" date="${release.date}" description="Commons LOGGING">
            <action type="add" date="13-01-2022" dev="Andre.Duursma@rabobank.nl">
                Added Commons LOGGING library for a uniform way of logging to Splunk.
            </action>
        </release>

        <release version="2.0.0-${revision}" date="${release.date}" description="Update to Parent POM">
            <action type="add" date="11-01-2022" dev="Andre.Duursma@rabobank.nl">
                Added team members to the release announcement recipient list.
            </action>
        </release>

        <release version="1.4.3-${revision}" date="${release.date}" description="Update spring boot starter">
            <action type="update" date="27-12-2021" dev="Sander.van.Driel@rabobank.nl">
                Updated spring boot starter.
            </action>
        </release>

        <release version="1.4.2-${revision}" date="${release.date}" description="Update spring boot starter">
            <action type="update" date="24-12-2021" dev="Sander.van.Driel@rabobank.nl">
                Updated spring boot starter.
            </action>
        </release>

        <release version="1.4.1-${revision}" date="${release.date}" description="Add JPA starter to dependency management">
            <action type="update" date="22-12-2021" dev="Sander.van.Driel@rabobank.nl">
                Add JPA starter to dependency management.
            </action>
        </release>

        <release version="1.4.0-${revision}" date="${release.date}" description="Upgrades">
            <action type="update" date="22-12-2021" dev="Sander.van.Driel@rabobank.nl">
                Changed name to kyca-services-parent-pom.
            </action>
            <action type="update" date="22-12-2021" dev="Sander.van.Driel@rabobank.nl">
                Switched to (renamed) KYCA starters.
            </action>
        </release>

        <release version="1.3.0-${revision}" date="${release.date}" description="Upgrades">
            <action type="update" date="03-12-2021" dev="Andre.Duursma@rabobank.nl">
                Updated Spring Cloud version to 2021.0.0.
            </action>
            <action type="update" date="03-12-2021" dev="Andre.Duursma@rabobank.nl">
                Updated Spring Boot version to 2.6.1.
            </action>
            <action type="update" date="01-12-2021" dev="Andre.Duursma@rabobank.nl">
                Updated the 'excludedPaths' element in the configuration of the ArchUnit plugin to allow adding
                exclusions in child projects.
            </action>
        </release>

        <release version="1.2.0-${revision}" date="${release.date}" description="Upgrades">
            <action type="update" date="19-11-2021" dev="Andre.Duursma@rabobank.nl">
                Updated Kotlin version to 1.6.0.
            </action>
            <action type="update" date="19-11-2021" dev="Andre.Duursma@rabobank.nl">
                Updated Spring Boot version to 2.5.7.
            </action>
        </release>

        <release version="1.1.0-${revision}" date="${release.date}" description="Version upgrades">
            <action type="update" date="29-10-2021" dev="Andre.Duursma@rabobank.nl">
                Updated the parent POM to the latest 1.1.0-2657908 version.
            </action>
            <action type="update" date="29-10-2021" dev="Andre.Duursma@rabobank.nl">
                Updated expedite-commons-security-spring-boot-starter to the latest 1.1.0-2657977 version.
            </action>
        </release>

        <release version="1.0.0-${revision}" date="${release.date}" description="Release notes">
            <action type="add" date="21-10-2021" dev="Andre.Duursma@rabobank.nl">
                Added a changes.xml file to keep track of our changes.
            </action>
        </release>
    </body>
</document>
