{
  "priority": 2,
  "request": {
    "method": "POST",
    "urlPathPattern": "/agreements",
    "bodyPatterns": [{
      "contains": "80002002"
    }]
  },
  "response": {
    "status": 200,
    "headers": {
      "Content-Type": "application/json"
    },
    "jsonBody": {
      "data": {
        "agreementVersions": [
          {
            "id": "0",
            "investmentArrangementNumber": "80002002",
            "status": "ACTIVE",
            "productCode": "RBBB",
            "settlementAccounts": [
              {
                "currency": "EUR",
                "accountNumber": "NL57RABO0109611551",
                "isActive": true,
                "isInvestorAccount": false,
                "commercialProductTypeCode": "156"
              }
            ],
            "contractingParties": [
              {
                "relationId": "000000111395100",
                "type": "MAIN_CONTRACTOR",
                "modification": null,
                "customerType": "NATURAL_PERSON"
              },
              {
                "relationId": "000000111395101",
                "type": "CONTRACTOR",
                "modification": "REMOVED",
                "customerType": "NATURAL_PERSON"
              },
              {
                "relationId": "000000111395102",
                "type": "CONTRACTOR",
                "modification": null,
                "customerType": "NATURAL_PERSON"
              }
            ]
          },
          {
            "id": "151",
            "investmentArrangementNumber": "80002002",
            "status": "DRAFT",
            "settlementAccounts": [
              {
                "currency": "EUR",
                "accountNumber": "NL57RABO0109611551",
                "isActive": true,
                "isInvestorAccount": false,
                "commercialProductTypeCode": "156"
              }
            ],
            "contractingParties": [
              {
                "relationId": "000000111395100",
                "type": "MAIN_CONTRACTOR",
                "modification": null,
                "customerType": "NATURAL_PERSON",
                "contactDetails": {
                  "dateOfBirth": "1990-10-11"
                }
              },
              {
                "relationId": "000000111395101",
                "type": "CONTRACTOR",
                "modification": "REMOVED",
                "customerType": "NATURAL_PERSON",
                "contactDetails": {
                  "dateOfBirth": "2000-10-11"
                }
              },
              {
                "relationId": "000000111395102",
                "type": "CONTRACTOR",
                "modification": null,
                "customerType": "NATURAL_PERSON",
                "contactDetails": {
                  "dateOfBirth": "2000-10-11"
                }
              }
            ]
          }
        ],
        "latestAgreementVersion": {
          "__typename": "AgreementVersion",
          "id": "151",
          "investmentArrangementNumber": "80002002",
          "status": "DRAFT",
          "productCode": "RBBB",
          "settlementAccounts": [
            {
              "currency": "EUR",
              "accountNumber": "NL57RABO0109611551",
              "isActive": true,
              "isInvestorAccount": false,
              "commercialProductTypeCode": "156"
            }
          ],
          "contractingParties": [
            {
              "relationId": "000000111395100",
              "type": "MAIN_CONTRACTOR",
              "modification": null,
              "customerType": "NATURAL_PERSON",
              "contactDetails": {
                "dateOfBirth": "1990-10-11"
              }
            },
            {
              "relationId": "000000111395101",
              "type": "CONTRACTOR",
              "modification": "REMOVED",
              "customerType": "NATURAL_PERSON",
              "contactDetails": {
                "dateOfBirth": "2000-10-11"
              }
            },
            {
              "relationId": "000000111395102",
              "type": "CONTRACTOR",
              "modification": null,
              "customerType": "NATURAL_PERSON",
              "contactDetails": {
                "dateOfBirth": "2000-10-11"
              }
            }
          ]
        }
      }
    }
  }
}
