{
  "priority": 1,
  "request": {
    "urlPattern": "/agreements",
    "method": "POST",
    "bodyPatterns": [
      {
        "matchesJsonPath": {
          "expression": "$.operationName",
          "equalTo": "getEligibleContractants"
        }
      },
      {
        "matchesJsonPath": {
          "expression": "$.variables.investmentArrangementNumber",
          "equalTo": "80002001"
        }
      }
    ]
  },
  "response": {
    "headers": {
      "content-type": "application/json"
    },
    "status": 200,
      "jsonBody": {
        "data": {
          "latestAgreementVersion": {
            "__typename": "AgreementVersion",
            "investmentArrangementNumber": "80001001",
            "status": "DRAFT",
            "changedFields": [],
            "validationResult": "VALID",
            "validationErrors": [],
            "ascription": {
              "siebelAscriptionId": "000000238238",
              "raboRelationName": "M. van Noord",
              "addressLine": "Ververstraat 12A,1021 AK Amsterdam",
              "type": "AND_OR"
            },
            "contractingParties": [
              {
                "relationId": "000000111395102",
                "customerType": "NATURAL_PERSON",
                "primaryFlag": true,
                "contactDetails": {
                  "displayName": "M. van Noord",
                  "dateOfBirth": "1980-12-01"
                },
                "validationErrors": [
                  {
                    "subject": "CONTRACTING_PARTY_MIFID",
                    "severity": "WARNING",
                    "code": " "
                  }
                ]
              },
              {
                "relationId": "000000111395103",
                "customerType": "NATURAL_PERSON",
                "primaryFlag": false,
                "contactDetails": {
                  "displayName" : "L. van Erp",
                  "dateOfBirth" : "1995-01-13"
                },
                "validationErrors": [
                  {
                    "subject": "CONTRACTING_PARTY_CRS",
                    "severity": "WARNING",
                    "code": " "
                  }
                ]
              }
            ],
            "eligibleContractants": [
                {
                  "id": "000000111395102",
                  "displayName" : "M. van Noord",
                  "dateOfBirth" : "1980-12-01",
                  "customerType": "NATURAL_PERSON",
                  "isCurrent": true,
                  "validationErrors": []
                },
                {
                  "id": "000000111395103",
                  "displayName" : "L. van Erp",
                  "dateOfBirth" : "1995-01-13",
                  "customerType": "NATURAL_PERSON",
                  "isCurrent": false,
                  "validationErrors": [
                    {
                      "subject": "CONTRACTING_PARTY_US_PERSON",
                      "severity": "INFO",
                      "code": " "
                    }
                  ]
                },
                {
                  "id": "000000111395104",
                  "displayName" : "D. van Noord",
                  "dateOfBirth" : "1991-01-13",
                  "customerType": "NATURAL_PERSON",
                  "isCurrent": false,
                  "validationErrors": []
                },
                {
                  "id": "000000111395105",
                  "displayName" : "D. van Noord",
                  "dateOfBirth" : "1980-01-13",
                  "customerType": "NATURAL_PERSON",
                  "isCurrent": false,
                  "validationErrors": []
                },
                {
                  "id": "000000111395106",
                  "displayName" : "M. van Noord",
                  "dateOfBirth" : "2000-12-01",
                  "customerType": "NATURAL_PERSON",
                  "isCurrent": false,
                  "validationErrors": []
              }
            ]
          }
        }
      },
    "fixedDelayMilliseconds": 0
  }
}
