{
  "priority": 1,
  "request": {
    "method": "POST",
    "urlPathPattern": "/agreements",
    "bodyPatterns": [
      {
        "matchesJsonPath": {
          "expression": "$.operationName",
          "equalTo": "agreementVersionProductCode"
        }
      }
    ]
  },
  "response": {
    "status": 200,
    "headers": {
      "Content-Type": "application/json"
    },
    "jsonBody": {
      "data": {
        "agreementVersions": [
          {
            "investmentArrangementNumber": "80001001",
            "productCode": "IVB",
            "contractingParties": [
              {
                "customerType": "NATURAL_PERSON",
                "relationId": "000000111395100",
                "primaryFlag": true,
                "__typename": "ContractingParty"
              },
              {
                "customerType": "NATURAL_PERSON",
                "relationId": "000000111395101",
                "primaryFlag": false,
                "__typename": "ContractingParty"
              }
            ],
            "__typename": "AgreementVersion"
          },
          {
            "investmentArrangementNumber": "80001001",
            "productCode": "IVB",
            "contractingParties": [
              {
                "customerType": "NATURAL_PERSON",
                "relationId": "000000111395100",
                "primaryFlag": true,
                "__typename": "ContractingParty"
              },
              {
                "customerType": "NATURAL_PERSON",
                "relationId": "000000111395101",
                "primaryFlag": false,
                "__typename": "ContractingParty"
              }
            ],
            "__typename": "AgreementVersion"
          }
        ]
      }
    }
  }
}
