{
  "priority": 1,
  "request": {
    "method": "POST",
    "urlPathPattern": "/agreements",
    "bodyPatterns": [
      {
        "matchesJsonPath": {
          "expression": "$.operationName",
          "equalTo": "latestAgreementVersion"
        }
      }
    ]
  },
  "response": {
    "status": 200,
    "headers": {
      "Content-Type": "application/json"
    },
    "jsonBody": {
      "data": {
        "latestAgreementVersion": {
          "id": "295",
          "investmentArrangementNumber": "80001001",
          "status": "DRAFT",
          "productCode": "IVB",
          "hasOptions": true,
          "ascription": {
            "siebelAscriptionId": "100020001",
            "raboRelationName": "C. Kent en L. Lane",
            "addressLine": "D.C. Street 7a, 9968 KD Metropolis",
            "type": "AND_OR",
            "__typename": "Ascription"
          },
          "contractingParties": [
            {
              "customerType": "NATURAL_PERSON",
              "relationId": "000000111395100",
              "type": "MAIN_CONTRACTOR",
              "contactDetails": {
                "displayName": "C. Kent",
                "dateOfBirth": "1939-03-01",
                "__typename": "ContactDetails"
              },
              "primaryFlag": true,
              "validationErrors": [],
              "__typename": "ContractingParty"
            },
            {
              "customerType": "NATURAL_PERSON",
              "relationId": "000000111395101",
              "type": "MAIN_CONTRACTOR",
              "contactDetails": {
                "displayName": "L. Lane",
                "dateOfBirth": "1978-06-21",
                "__typename": "ContactDetails"
              },
              "primaryFlag": false,
              "validationErrors": [],
              "__typename": "ContractingParty"
            }
          ],
          "changedFields": [
            "EMAILADDRESS",
            "OPTIONS"
          ],
          "validationResult": "VALID",
          "validationErrors": [],
          "settlementAccounts": [
            {
              "currency": "EUR",
              "accountNumber": "NL57RABO0109611551",
              "isActive": true,
              "isInvestorAccount": true,
              "__typename": "SettlementAccount"
            }
          ],
          "revenueAccount": {
            "currency": "EUR",
            "accountNumber": "NL30RABO0109610000",
            "isActive": true,
            "__typename": "RevenueAccount"
          },
          "foreignCurrencyAccounts": [
            {
              "currencyCode": "USD",
              "__typename": "ForeignCurrencyAccount"
            },
            {
              "currencyCode": "GBP",
              "__typename": "ForeignCurrencyAccount"
            },
            {
              "currencyCode": "JPY",
              "__typename": "ForeignCurrencyAccount"
            }
          ],
          "__typename": "AgreementVersion"
        }
      }
    }
  }
}
