{
  "priority": 2,
  "request": {
    "method": "POST",
    "urlPathPattern": "/agreements",
    "bodyPatterns": [
      {
        "contains": "80001001"
      }
    ]
  },
  "response": {
    "status": 200,
    "headers": {
      "Content-Type": "application/json"
    },
    "jsonBody": {
      "data": {
        "agreementVersions": [
          {
            "id": "0",
            "investmentArrangementNumber": "80001001",
            "status": "ACTIVE",
            "productCode": "IVB",
            "settlementAccounts": [
              {
                "currency": "EUR",
                "accountNumber": "NL57RABO0109611551",
                "isActive": true,
                "isInvestorAccount": false,
                "commercialProductTypeCode": "156"
              }
            ],
            "contractingParties": [
              {
                "customerType": "NATURAL_PERSON",
                "relationId": "000000111395100",
                "type": "MAIN_CONTRACTOR",
                "modification": null
              },
              {
                "customerType": "NATURAL_PERSON",
                "relationId": "000000111395101",
                "type": "CONTRACTOR",
                "modification": "REMOVED"
              },
              {
                "customerType": "NATURAL_PERSON",
                "relationId": "000000111395102",
                "type": "CONTRACTOR",
                "modification": null
              }
            ]
          },
          {
            "id": "151",
            "investmentArrangementNumber": "80001001",
            "status": "DRAFT",
            "productCode": "IVB",
            "settlementAccounts": [
              {
                "currency": "EUR",
                "accountNumber": "NL57RABO0109611551",
                "isActive": true,
                "isInvestorAccount": false,
                "commercialProductTypeCode": "156"
              }
            ],
            "contractingParties": [
              {
                "customerType": "NATURAL_PERSON",
                "relationId": "000000111395100",
                "type": "MAIN_CONTRACTOR",
                "modification": null
              },
              {
                "customerType": "NATURAL_PERSON",
                "relationId": "000000111395101",
                "type": "CONTRACTOR",
                "modification": "REMOVED"
              },
              {
                "customerType": "NATURAL_PERSON",
                "relationId": "000000111395102",
                "type": "CONTRACTOR",
                "modification": null
              }
            ]
          }
        ],
        "latestAgreementVersion": {
          "__typename": "AgreementVersion",
          "id": "151",
          "investmentArrangementNumber": "80001001",
          "status": "DRAFT",
          "productCode": "IVB",
          "settlementAccounts": [
            {
              "currency": "EUR",
              "accountNumber": "NL57RABO0109611551",
              "isActive": true,
              "isInvestorAccount": false,
              "commercialProductTypeCode": "156"
            }
          ],
          "contractingParties": [
            {
              "customerType": "NATURAL_PERSON",
              "relationId": "000000111395100",
              "type": "MAIN_CONTRACTOR",
              "modification": null
            },
            {
              "customerType": "NATURAL_PERSON",
              "relationId": "000000111395101",
              "type": "CONTRACTOR",
              "modification": "REMOVED"
            },
            {
              "customerType": "NATURAL_PERSON",
              "relationId": "000000111395102",
              "type": "CONTRACTOR",
              "modification": null
            }
          ]
        }
      }
    }
  }
}
