{
  "priority": 10,
  "request": {
    "method": "POST",
    "urlPathPattern": "/agreements"
  },
  "response": {
    "status": 200,
    "headers": {
      "Content-Type": "application/json"
    },
    "jsonBody": {
      "data": {
        "agreementVersions": [
          {
            "id": "0",
            "investmentArrangementNumber": "80001001",
            "status": "ACTIVE",
            "productCode": "IVB",
            "settlementAccounts": [
              {
                "currency": "EUR",
                "accountNumber": "NL57RABO0109611551",
                "isActive": true,
                "isInvestorAccount": false,
                "commercialProductTypeCode": "156"
              }
            ]
          },
          {
            "id": "151",
            "investmentArrangementNumber": "80001001",
            "status": "DRAFT",
            "productCode": "IVB",
            "settlementAccounts": [
              {
                "currency": "EUR",
                "accountNumber": "NL57RABO0109611551",
                "isActive": true,
                "isInvestorAccount": false,
                "commercialProductTypeCode": "156"
              }
            ]
          }
        ]
      }
    }
  }
}
