{
  "priority": 2,
  "request": {
    "urlPattern": "/agreements",
    "method": "POST",
    "bodyPatterns": [
      {
        "matchesJsonPath": {
          "expression": "$.operationName",
          "equalTo": "agreementAccountsUpdate"
        }
      }
    ]
  },
  "response": {
    "headers": {
      "content-type": "application/json"
    },
    "status": 200,
    "jsonBody": {
      "data": {
        "agreementVersions":
        {
          "investmentArrangementNumber": "80001001",
          "status": "DRAFT"
        }
      }
    },
    "fixedDelayMilliseconds": 0
  }
}
