{
  "priority": 1,
  "request": {
    "method": "POST",
    "urlPathPattern": "/agreements",
    "bodyPatterns": [
      {
        "matchesJsonPath": {
          "expression": "$.operationName",
          "equalTo": "latestAgreementAccountsVersion"
        }
      }
    ]
  },
  "response": {
    "status": 200,
    "headers": {
      "Content-Type": "application/json"
    },
    "jsonBody": {
      "data": {
        "latestAgreementVersion": {
          "__typename": "AgreementVersion",
          "investmentArrangementNumber": "80001001",
          "status": "DRAFT",
          "validationResult": "VALID",
          "productCode": "IVB2",
          "settlementAccounts": [{
            "currency": "EUR",
            "accountNumber": "NL00 SETT 0123 4567 90",
            "isActive": true,
            "isInvestorAccount": false,
            "commercialProductTypeCode": "156",
            "validationErrors": [
              {
                "subject": "CONTRACTING_PARTY_CUSTOMER_TYPE",
                "severity": "ERROR",
                "code": " "
              },
              {
                "subject": "ACCOUNT_ASCRIPTION",
                "severity": "INFO",
                "code": " "
              }
            ]
          }],
          "foreignCurrencyAccounts": [{
            "currencyCode": "EUR"
          },
            {
              "currencyCode": "INR"
            },
            {
              "currencyCode": "SEK"
            }
          ],
          "revenueAccount": {
            "currency": "EUR",
            "accountNumber": "NL00 REVN 0123 4567 89",
            "isActive": true
          }
        }
      }
    }
  }
}
