{
  "priority": 1,
  "request": {
    "method": "POST",
    "urlPathPattern": "/agreements",
    "bodyPatterns": [
      {
        "matchesJsonPath": {
          "expression": "$.operationName",
          "equalTo": "agreementVersionOptions"
        }
      }
    ]
  },
  "response": {
    "status": 200,
    "headers": {
      "Content-Type": "application/json"
    },
    "jsonBody": {
      "data": {
        "agreementVersions": [
          {
            "__typename" : "AgreementVersion",
            "investmentArrangementNumber": "80001001",
            "status": "DRAFT",
            "changedFields": ["OPTIONS"],
            "productCode": "IVB",
            "hasOptions": true
          },
          {
            "__typename" : "AgreementVersion",
            "investmentArrangementNumber": "80001001",
            "status": "ACTIVE",
            "changedFields": [],
            "productCode": "IVB",
            "hasOptions": false
          }

        ]
      }
    }
  }
}
