{
  "request": {
    "method": "GET",
    "urlPattern": "/ah/authorisation-hub/api/1/users/100000000010100/customers/100000000010100.*"
  },
  "response": {
    "status": 200,
    "headers": {
      "Content-Type": "application/json"
    },
    "transformers": ["protobuf-transformer"],
    "jsonBody": {
      "id": "100000000010100",
      "authorisations": [
        "CONSENT",
        "INITIATE_PURCHASE",
        "INITIATE_PURCHASE16+",
        "MANAGE_CONTACT_INFO",
        "SIGN_AGREEMENT",
        "SIGN_AGREEMENT16+"
      ],
      "arrangements": [
        {
          "number": "006228359",
          "administrationCode": "10",
          "authorisations": [
            "GN_READ"
          ]
        },
        {
          "number": "100020100",
          "administrationCode": "01",
          "authorisations": [
            "GN_READ",
            "PS_RC_01",
            "PS_RC_02"
          ]
        },
        {
          "number": "134482638",
          "administrationCode": "01",
          "authorisations": [
            "GN_READ"
          ]
        },
        {
          "number": "30710952",
          "administrationCode": "04",
          "authorisations": [
            "GN_READ"
          ]
        },
        {
          "number": "30710995",
          "administrationCode": "04",
          "authorisations": [
            "CH_EF_01",
            "GN_CANCEL",
            "GN_CHANGE",
            "GN_READ"
          ]
        },
        {
          "number": "10010100",
          "administrationCode": "04",
          "authorisations": [
            "CH_EF_01",
            "GN_CANCEL",
            "GN_CHANGE",
            "GN_READ"
          ]
        },
        {
          "number": "10010103",
          "administrationCode": "04",
          "authorisations": [
            "CH_EF_01",
            "GN_CANCEL",
            "GN_CHANGE",
            "GN_READ"
          ]
        },
        {
          "number": "10010104",
          "administrationCode": "04",
          "authorisations": [
            "CH_EF_01",
            "GN_CANCEL",
            "GN_CHANGE",
            "GN_READ"
          ]
        },
        {
          "number": "10010108",
          "administrationCode": "04",
          "authorisations": [
            "CH_EF_01",
            "GN_CANCEL",
            "GN_CHANGE",
            "GN_READ"
          ]
        },
        {
          "number": "33821275",
          "administrationCode": "04",
          "authorisations": [
            "CH_EF_01",
            "GN_CANCEL",
            "GN_CHANGE",
            "GN_READ"
          ]
        },
        {
          "number": "3628461006",
          "administrationCode": "02",
          "authorisations": [
            "CA_SP_01",
            "CH_SP_01",
            "GN_CANCEL",
            "GN_CHANGE",
            "GN_READ",
            "PS_RC_03"
          ]
        }
      ],
      "attributes": {}
    }
  }
}
