{
  "request": {
    "method": "GET",
    "urlPattern": "/ah/api/1/users/000000011111112"
  },
  "response": {
    "status": 200,
    "headers": {
      "Content-Type": "application/json"
    },
    "transformers": ["protobuf-transformer"],
    "jsonBody": {
      "id": "000000011111112",
      "customers": [
        {
          "id": "000000011111112",
          "authorisations": [
            "CONSENT",
            "INITIATE_PURCHASE",
            "INITIATE_PURCHASE16+",
            "MANAGE_CONTACT_INFO",
            "SIGN_AGREEMENT",
            "SIGN_AGREEMENT16+"
          ],
          "arrangements": [
            {
              "number": "33775680",
              "administrationCode": "04",
              "authorisations": [
                "CH_EF_01",
                "GN_CANCEL",
                "GN_CHANGE",
                "GN_READ"
              ]
            },
            {
              "number": "900001000",
              "administrationCode": "01",
              "authorisations": [
                "GN_READ",
                "PS_RC_01",
                "PS_RC_02"
              ]
            },
            {
              "number": "80001002",
              "administrationCode": "04",
              "authorisations": [
                "CH_EF_01",
                "GN_CANCEL",
                "GN_CHANGE",
                "GN_READ"
              ]
            },
            {
              "number": "99999999",
              "administrationCode": "04",
              "authorisations": [
                "CH_EF_01",
                "GN_CANCEL",
                "GN_CHANGE",
                "GN_READ"
              ]
            }
          ],
          "attributes": {}
        }
      ]
    }
  }
}
