<component name="ProjectRunConfigurationManager">
  <configuration default="false" name="KycaDecisionLogApplication" type="SpringBootApplicationConfigurationType" factoryName="Spring Boot" nameIsGenerated="true">
    <option name="ACTIVE_PROFILES" />
    <module name="kyca-decision-log" />
    <option name="SPRING_BOOT_MAIN_CLASS" value="nl.rabobank.investments.kyca.adr.KycaDecisionLogApplication" />
    <extension name="coverage">
      <pattern>
        <option name="PATTERN" value="nl.rabobank.investments.kyca.adr.*" />
        <option name="ENABLED" value="true" />
      </pattern>
    </extension>
    <method v="2">
      <option name="Make" enabled="true" />
    </method>
  </configuration>
</component>