{
  "request": {
    "method": "POST",
    "urlPathPattern": "/opow/services/paymentorder/v2/query",
    "bodyPatterns": [
      {
        "contains": "NL57RABO0109611551"
      }
    ]
  },
  "response": {
    "status": 200,
    "headers": {
      "Content-Type": "application/json"
    },
    "jsonBody": {
      "ok": {
        "pagingContext": {
          "pageNumber": 1,
          "pageSize": 20,
          "sortColumn": "InsertionTimestamp",
          "isDescending": true
        },
        "moreResultsAvailable": false,
        "responseDetails": [
          {
            "accountServicerReference": "OO9T190318118587",
            "raboDeliveryChannel": "RTI",
            "initiationRequestor": {
              "requestor": "RTI"
            },
            "paymentSubType": "INSTANT",
            "originator": {
              "nm": [
                "Enriched name NL41RABO0640088155"
              ]
            },
            "originatorAccount": {
              "id": {
                "IBAN": "NL41RABO0640088155"
              },
              "ccy": "EUR"
            },
            "customerReference": {
              "reference": "123456",
              "referenceType": "EDO",
              "userId": "STDP-TC02b"
            },
            "insertionTimestamp": "2021-02-16T08:51:33.643",
            "status": "OUTSTANDING",
            "reason": {
              "code": "AG01",
              "additionalInformation": "900",
              "counterpartyAccountRejected": false
            },
            "requestedExecutionDate": "2021-02-16",
            "effectiveExecutionDate": "2021-02-16",
            "concurrencyControl": "2021-02-16T08:51:36.787",
            "instructedAmount": {
              "value": 444,
              "ccy": "EUR"
            },
            "counterParty": {
              "nm": [
                "Cpty-Name-STDP-TC02b"
              ],
              "pstlAdr": {
                "twnNm": "Kuttingen",
                "ctry": "NL",
                "adrLine": [
                  "CptyAddress-STDP-TC02b"
                ]
              }
            },
            "counterPartyAccount": {
              "id": {
                "IBAN": "NL73RABO0640024335"
              },
              "ccy": "EUR"
            },
            "standingOrderDetails": {
              "standingOrderType": "Bank APO",
              "finalExecutionDate": "2023-02-16",
              "remainingNumberOfExecutions": null,
              "frequency": {
                "unit": "WEEK",
                "multiplier": 2
              },
              "conditionalAttributes": {
                "minimumAccountBalance": 100,
                "minimumTxAmount": 10,
                "maximumTxAmount": 1000,
                "roundDownAmount": 5
              },
              "letterWhenRejected": false
            },
            "remittanceInformation": {
              "ustrd": [
                "RmtInfUnstr-STDP-TC02b20210216082023"
              ]
            },
            "processingParameters": {
              "withinAgreement": true,
              "allowedToCancelbyCustomer": true,
              "allowedToChangebyCustomer": true
            },
            "authorisationCancellationHistory": {
              "authorisationCancellationHistoryEntry": [
                {
                  "reference": "AuthRef-STDP-TC02b20210216082023",
                  "timestamp": "2021-02-16T08:51:33",
                  "type": "AUTHORISATION",
                  "authorisationIsActive": true
                }
              ]
            }
          }
        ]
      }
    }
  }
}
