{
  "request": {
    "method": "GET",
    "urlPathPattern": "/mandates"
  },
  "response": {
    "status": 200,
    "headers": {
      "Content-Type": "application/json"
    },
    "jsonBody": [
      {
        "status": "ACTIVE",
        "id": 543,
        "agreementId": "80001001",
        "startDate": "22-01-2020",
        "assetMixMandates": [
          {
            "assetCategory": "BONDS",
            "benchmarks": [
              {
                "benchmark": "BARCLAYS_SRI_BOND_INDEX",
                "isin": "RB0002414387",
                "desiredWeight": 50.0,
                "description": {
                  "nl": "Barclays Euro Aggregate SRI Bond index"
                }
              },
              {
                "benchmark": "BARCLAYS_500_M_INDEX",
                "isin": "RB0002414379",
                "desiredWeight": 50.0,
                "description": {
                  "nl": "Barclays Euro Aggregate 500M Index Total Return"
                }
              }
            ],
            "instrumentCharacteristics": [],
            "strategicWeight": 15.0,
            "lowerBound": 0.0,
            "upperBound": 20.0
          },
          {
            "assetCategory": "STOCKS",
            "benchmarks": [
              {
                "benchmark": "MSCI_PACIFIC_INDEX",
                "isin": "CH0001700035",
                "desiredWeight": 50.0,
                "description": {
                  "nl": "MSCI Pacific Index Net Return EUR"
                }
              },
              {
                "benchmark": "MSCI_WORLD_INDEX",
                "isin": "CH0001693230",
                "desiredWeight": 50.0,
                "description": {
                  "nl": "MSCI World Index Net Return EUR"
                }
              }
            ],
            "instrumentCharacteristics": [
              {
                "instrumentCharacteristic": "NORTH_AMERICA",
                "description": {
                  "nl": "Noord-Amerika"
                },
                "lowerBound": 0.0,
                "upperBound": 25.0
              }
            ],
            "strategicWeight": 65.0,
            "lowerBound": 60.0,
            "upperBound": 100.0
          },
          {
            "assetCategory": "ALTERNATIVES",
            "benchmarks": [
              {
                "benchmark": "HFRX_GLOBAL_HEDGE_FUND",
                "isin": "RB0003426471",
                "desiredWeight": 100.0,
                "description": {
                  "nl": "HFRX Global Hedge Fund EUR Total Return"
                }
              }
            ],
            "instrumentCharacteristics": [],
            "strategicWeight": 20.0,
            "lowerBound": 0.0,
            "upperBound": 20.0
          },
          {
            "assetCategory": "LIQUIDITIES",
            "benchmarks": [],
            "instrumentCharacteristics": [],
            "strategicWeight": 0.0,
            "lowerBound": 0.0,
            "upperBound": 100.0
          }
        ],
        "individualInstruments": [
          {
            "isin": "NL0010273215",
            "restrictionType": "DontSell"
          },
          {
            "isin": "FR0000120271",
            "restrictionType": "DontBuy"
          },
          {
            "isin": "NL0000334118",
            "restrictionType": "DontSell"
          }
        ],
        "sustainabilityMandate": {
          "report": false,
          "sustainableInvestmentExclusions": [
            {
              "exclusion": "TOBACCO",
              "category": "PRODUCT",
              "description": {
                "nl": "Tabak"
              }
            }
          ],
          "sustainabilityText": "This is a test message."
        },
        "otherMandate": "This is a test remark mandate."
      }
    ]
  }
}
