{
  "request": {
    "method": "GET",
    "urlPathPattern": "/financial-information/api/payments",
    "queryParameters": {
      "relation_id": {
        "matches": "[0-9]*|[a-z]*"
      }
    }
  },
  "response": {
    "status": 200,
    "headers": {
      "Content-Type": "application/json"
    },
    "jsonBody": {
      "payment_accounts": [
        {
          "arrangement_number": "NL87RABO0149665318",
          "administration_code": "01",
          "dutch_description": "Betaalrekening COA",
          "commercial_product_type_code": "0038",
          "current_account_balance": {
            "balance_account_currency_code": "EUR",
            "currency_smallest_unit_balance": 26.95
          },
          "actuality_date_time": "2021-02-16T00:12:17.061311"
        },
        {
          "arrangement_number": "NL81RABO0352724838",
          "administration_code": "01",
          "dutch_description": "Betaalrekening COA",
          "commercial_product_type_code": "0038",
          "current_account_balance": {
            "balance_account_currency_code": "EUR",
            "currency_smallest_unit_balance": 0.00
          },
          "actuality_date_time": "2021-02-16T00:12:17.061311"
        },
        {
          "arrangement_number": "NL93RABO0352724234",
          "currency": "EUR",
          "administration_code": "01",
          "dutch_description": "Betaalrekening COA",
          "commercial_product_type_code": "0038",
          "current_account_balance": {
            "balance_account_currency_code": "EUR",
            "currency_smallest_unit_balance": 0.00
          },
          "actuality_date_time": "2021-02-16T00:12:17.061311"
        },
        {
          "arrangement_number": "NL47RABO0363297189",
          "currency": "EUR",
          "administration_code": "01",
          "dutch_description": "Betaalrekening COA",
          "commercial_product_type_code": "0038",
          "current_account_balance": {
            "balance_account_currency_code": "EUR",
            "currency_smallest_unit_balance": 0.00
          },
          "actuality_date_time": "2021-02-16T00:12:17.061311"
        },
        {
          "arrangement_number": "NL35RABO0314903038",
          "currency": "EUR",
          "administration_code": "01",
          "dutch_description": "Betaalrekening COA",
          "commercial_product_type_code": "0038",
          "current_account_balance": {
            "balance_account_currency_code": "EUR",
            "currency_smallest_unit_balance": 24.98
          },
          "actuality_date_time": "2021-02-16T00:12:17.061311"
        },
        {
          "arrangement_number": "NL35RABO0352746424",
          "currency": "EUR",
          "administration_code": "01",
          "dutch_description": "Hypotheekkrediet",
          "commercial_product_type_code": "0041",
          "current_account_balance": {
            "balance_account_currency_code": "EUR",
            "currency_smallest_unit_balance": -15.17
          },
          "actuality_date_time": "2021-02-16T00:12:17.061311"
        },
        {
          "arrangement_number": "NL12RABO0357380819",
          "currency": "EUR",
          "administration_code": "01",
          "dutch_description": "Betaalrekening COA",
          "commercial_product_type_code": "0038",
          "current_account_balance": {
            "balance_account_currency_code": "EUR",
            "currency_smallest_unit_balance": 0.00
          },
          "actuality_date_time": "2021-02-16T00:12:17.061311"
        },
        {
          "arrangement_number": "NL41RABO0346397472",
          "currency": "EUR",
          "administration_code": "01",
          "dutch_description": "Rabo Bankrekening",
          "commercial_product_type_code": "0048",
          "current_account_balance": {
            "balance_account_currency_code": "EUR",
            "currency_smallest_unit_balance": 92.41
          },
          "actuality_date_time": "2021-02-16T00:12:17.061311"
        },
        {
          "arrangement_number": "NL02RABO0394337514",
          "currency": "EUR",
          "administration_code": "01",
          "dutch_description": "Beleggersrekening",
          "commercial_product_type_code": "0042",
          "current_account_balance": {
            "balance_account_currency_code": "EUR",
            "currency_smallest_unit_balance": 1.00
          },
          "actuality_date_time": "2021-02-16T00:12:17.061311"
        },
        {
          "arrangement_number": "NL18RABO0363280154",
          "currency": "EUR",
          "administration_code": "01",
          "dutch_description": "Betaalrekening COA",
          "commercial_product_type_code": "0038",
          "current_account_balance": {
            "balance_account_currency_code": "EUR",
            "currency_smallest_unit_balance": 0.00
          },
          "actuality_date_time": "2021-02-16T00:12:17.061311"
        },
        {
          "arrangement_number": "NL16RABO0363673040",
          "currency": "EUR",
          "administration_code": "01",
          "dutch_description": "Betaalrekening COA",
          "commercial_product_type_code": "0038",
          "current_account_balance": {
            "balance_account_currency_code": "EUR",
            "currency_smallest_unit_balance": 0.00
          },
          "actuality_date_time": "2021-02-16T00:12:17.061311"
        },
        {
          "arrangement_number": "NL19RABO0351739076",
          "currency": "EUR",
          "administration_code": "01",
          "dutch_description": "Betaalrekening COA",
          "commercial_product_type_code": "0038",
          "current_account_balance": {
            "balance_account_currency_code": "EUR",
            "currency_smallest_unit_balance": 0.00
          },
          "actuality_date_time": "2021-02-16T00:12:17.061311"
        },
        {
          "arrangement_number": "NL13RABO0346397006",
          "currency": "EUR",
          "administration_code": "01",
          "dutch_description": "Rabo Bankrekening",
          "commercial_product_type_code": "0048",
          "current_account_balance": {
            "balance_account_currency_code": "EUR",
            "currency_smallest_unit_balance": 95.87
          },
          "actuality_date_time": "2021-02-16T00:12:17.061311"
        },
        {
          "arrangement_number": "NL95RABO0364128488",
          "currency": "EUR",
          "administration_code": "01",
          "dutch_description": "Beleggersrekening",
          "commercial_product_type_code": "0042",
          "current_account_balance": {
            "balance_account_currency_code": "EUR",
            "currency_smallest_unit_balance": 232.04
          },
          "actuality_date_time": "2021-02-16T00:12:17.061311"
        },
        {
          "arrangement_number": "NL14RABO0335279236",
          "currency": "EUR",
          "administration_code": "01",
          "dutch_description": "Hypotheekkrediet",
          "commercial_product_type_code": "0041",
          "current_account_balance": {
            "balance_account_currency_code": "EUR",
            "currency_smallest_unit_balance": 0.00
          },
          "actuality_date_time": "2021-02-16T00:12:17.061311"
        },
        {
          "arrangement_number": "NL40RABO0336975783",
          "currency": "EUR",
          "administration_code": "01",
          "dutch_description": "Hypotheekkrediet",
          "commercial_product_type_code": "0041",
          "current_account_balance": {
            "balance_account_currency_code": "EUR",
            "currency_smallest_unit_balance": 0.00
          },
          "actuality_date_time": "2021-02-16T00:12:17.061311"
        },
        {
          "arrangement_number": "NL39RABO0363279679",
          "currency": "EUR",
          "administration_code": "01",
          "dutch_description": "Betaalrekening COA",
          "commercial_product_type_code": "0038",
          "current_account_balance": {
            "balance_account_currency_code": "EUR",
            "currency_smallest_unit_balance": 0.00
          },
          "actuality_date_time": "2021-02-16T00:12:17.061311"
        },
        {
          "arrangement_number": "NL08RABO0140708499",
          "currency": "EUR",
          "administration_code": "01",
          "dutch_description": "Rabo DirectRekening",
          "commercial_product_type_code": "0055",
          "current_account_balance": {
            "balance_account_currency_code": "EUR",
            "currency_smallest_unit_balance": 349.51
          },
          "actuality_date_time": "2021-02-16T00:12:17.061311"
        },
        {
          "arrangement_number": "NL08RABO0140708500",
          "currency": "EUR",
          "administration_code": "01",
          "dutch_description": "Rabo DirectRekening",
          "commercial_product_type_code": "0055",
          "current_account_balance": {
            "balance_account_currency_code": "USD",
            "currency_smallest_unit_balance": 500.00
          },
          "actuality_date_time": "2021-02-16T00:12:17.061311"
        },
        {
          "arrangement_number": "NL36RABO0346252547",
          "currency": "EUR",
          "administration_code": "01",
          "dutch_description": "Rabo Bankrekening",
          "commercial_product_type_code": "0048",
          "current_account_balance": {
            "balance_account_currency_code": "EUR",
            "currency_smallest_unit_balance": 136.68
          },
          "actuality_date_time": "2021-02-16T00:12:17.061311"
        },
        {
          "arrangement_number": "NL39RABO0363471642",
          "currency": "EUR",
          "administration_code": "01",
          "dutch_description": "Betaalrekening COA",
          "commercial_product_type_code": "0038",
          "current_account_balance": {
            "balance_account_currency_code": "EUR",
            "currency_smallest_unit_balance": 0.00
          },
          "actuality_date_time": "2021-02-16T00:12:17.061311"
        },
        {
          "arrangement_number": "NL51RABO0357468678",
          "currency": "EUR",
          "administration_code": "01",
          "dutch_description": "Betaalrekening COA",
          "commercial_product_type_code": "0038",
          "current_account_balance": {
            "balance_account_currency_code": "EUR",
            "currency_smallest_unit_balance": 0.00
          },
          "actuality_date_time": "2021-02-16T00:12:17.061311"
        },
        {
          "arrangement_number": "NL57RABO0363277900",
          "currency": "EUR",
          "administration_code": "01",
          "dutch_description": "Betaalrekening COA",
          "commercial_product_type_code": "0038",
          "current_account_balance": {
            "balance_account_currency_code": "EUR",
            "currency_smallest_unit_balance": 0.00
          },
          "actuality_date_time": "2021-02-16T00:12:17.061311"
        },
        {
          "arrangement_number": "NL05RABO0369211162",
          "currency": "EUR",
          "administration_code": "01",
          "dutch_description": "Beleggersrekening",
          "commercial_product_type_code": "0042",
          "current_account_balance": {
            "balance_account_currency_code": "EUR",
            "currency_smallest_unit_balance": 147.88
          },
          "actuality_date_time": "2021-02-16T00:12:17.061311"
        },
        {
          "arrangement_number": "NL56RABO0340896914",
          "currency": "EUR",
          "administration_code": "01",
          "dutch_description": "Hypotheekkrediet",
          "commercial_product_type_code": "0041",
          "current_account_balance": {
            "balance_account_currency_code": "EUR",
            "currency_smallest_unit_balance": 18.01
          },
          "actuality_date_time": "2021-02-16T00:12:17.061311"
        },
        {
          "arrangement_number": "NL59RABO0363286012",
          "currency": "EUR",
          "administration_code": "01",
          "dutch_description": "Betaalrekening COA",
          "commercial_product_type_code": "0038",
          "current_account_balance": {
            "balance_account_currency_code": "EUR",
            "currency_smallest_unit_balance": 0.00
          },
          "actuality_date_time": "2021-02-16T00:12:17.061311"
        },
        {
          "arrangement_number": "NL96RABO0325427895",
          "currency": "EUR",
          "administration_code": "01",
          "dutch_description": "Hypotheekkrediet",
          "commercial_product_type_code": "0041",
          "current_account_balance": {
            "balance_account_currency_code": "EUR",
            "currency_smallest_unit_balance": 41.62
          },
          "actuality_date_time": "2021-02-16T00:12:17.061311"
        },
        {
          "arrangement_number": "NL48RABO0360416659",
          "currency": "EUR",
          "administration_code": "01",
          "dutch_description": "Betaalrekening COA",
          "commercial_product_type_code": "0038",
          "current_account_balance": {
            "balance_account_currency_code": "EUR",
            "currency_smallest_unit_balance": 0.00
          },
          "actuality_date_time": "2021-02-16T00:12:17.061311"
        },
        {
          "arrangement_number": "NL33RABO0364645547",
          "currency": "EUR",
          "administration_code": "01",
          "dutch_description": "Betaalrekening COA",
          "commercial_product_type_code": "0038",
          "current_account_balance": {
            "balance_account_currency_code": "EUR",
            "currency_smallest_unit_balance": 0.00
          },
          "actuality_date_time": "2021-02-16T00:12:17.061311"
        },
        {
          "arrangement_number": "NL51RABO0364605162",
          "currency": "EUR",
          "administration_code": "01",
          "dutch_description": "Betaalrekening COA",
          "commercial_product_type_code": "0038",
          "current_account_balance": {
            "balance_account_currency_code": "EUR",
            "currency_smallest_unit_balance": 0.00
          },
          "actuality_date_time": "2021-02-16T00:12:17.061311"
        },
        {
          "arrangement_number": "NL95RABO0353143820",
          "currency": "EUR",
          "administration_code": "01",
          "dutch_description": "Betaalrekening COA",
          "commercial_product_type_code": "0038",
          "current_account_balance": {
            "balance_account_currency_code": "EUR",
            "currency_smallest_unit_balance": -10.00
          },
          "actuality_date_time": "2021-02-16T00:12:17.061311"
        },
        {
          "arrangement_number": "NL93RABO0363950044",
          "currency": "EUR",
          "administration_code": "01",
          "dutch_description": "Beleggersrekening",
          "commercial_product_type_code": "0042",
          "current_account_balance": {
            "balance_account_currency_code": "EUR",
            "currency_smallest_unit_balance": 0.00
          },
          "actuality_date_time": "2021-02-16T00:12:17.061311"
        },
        {
          "arrangement_number": "NL22RABO0149664257",
          "currency": "EUR",
          "administration_code": "01",
          "dutch_description": "Betaalrekening COA",
          "commercial_product_type_code": "0038",
          "current_account_balance": {
            "balance_account_currency_code": "EUR",
            "currency_smallest_unit_balance": 17.95
          },
          "actuality_date_time": "2021-02-16T00:12:17.061311"
        },
        {
          "arrangement_number": "NL10RABO0346253209",
          "currency": "EUR",
          "administration_code": "01",
          "dutch_description": "Rabo Bankrekening",
          "commercial_product_type_code": "0048",
          "current_account_balance": {
            "balance_account_currency_code": "EUR",
            "currency_smallest_unit_balance": 141.80
          },
          "actuality_date_time": "2021-02-16T00:12:17.061311"
        },
        {
          "arrangement_number": "NL78RABO0341733822",
          "currency": "EUR",
          "administration_code": "01",
          "dutch_description": "Betaalrekening COA",
          "commercial_product_type_code": "0038",
          "current_account_balance": {
            "balance_account_currency_code": "EUR",
            "currency_smallest_unit_balance": 21.83
          },
          "actuality_date_time": "2021-02-16T00:12:17.061311"
        },
        {
          "arrangement_number": "NL70RABO0334045940",
          "currency": "EUR",
          "administration_code": "01",
          "dutch_description": "Hypotheekkrediet",
          "commercial_product_type_code": "0041",
          "current_account_balance": {
            "balance_account_currency_code": "EUR",
            "currency_smallest_unit_balance": 134.05
          },
          "actuality_date_time": "2021-02-16T00:12:17.061311"
        },
        {
          "arrangement_number": "NL87RABO0149665512",
          "currency": "EUR",
          "administration_code": "01",
          "dutch_description": "Betaalrekening COA",
          "commercial_product_type_code": "0038",
          "current_account_balance": {
            "balance_account_currency_code": "EUR",
            "currency_smallest_unit_balance": 0.00
          },
          "actuality_date_time": "2021-02-16T00:12:17.061311"
        },
        {
          "arrangement_number": "NL59RABO0149665628",
          "currency": "EUR",
          "administration_code": "01",
          "dutch_description": "Betaalrekening COA",
          "commercial_product_type_code": "0038",
          "current_account_balance": {
            "balance_account_currency_code": "EUR",
            "currency_smallest_unit_balance": 0.00
          },
          "actuality_date_time": "2021-02-16T00:12:17.061311"
        }
      ]
    }
  }
}