{
  "request": {
    "method": "GET",
    "urlPathPattern": "/financial-information/api/savings",
    "queryParameters": {
      "relation_id": {
        "matches": "[0-9]*|[a-z]*"
      }
    }
  },
  "response": {
    "status": 200,
    "headers": {
      "Content-Type": "application/json"
    },
    "jsonBody": {
      "savings_arrangements": [
        {
          "arrangement_number": "NL04RABO3162414547",
          "product_name": "Rabo ToekomstSparen",
          "administration_code": "02",
          "status_code": "L",
          "start_date": "2019-10-03",
          "planned_end_date": "2032-02-02",
          "balance_amount": 0.00,
          "balance_date_time": "2021-01-01T03:48:26.605852",
          "interest_percentage_type_code": "V",
          "variable_interest": {
            "interest_rate_brackets": [
              {
                "interest_percentage": 0.250,
                "lower_bound": 0.00
              }
            ],
            "bracket_structure_code": "S"
          },
          "fiscal_regime_code": 1,
          "target_end_value_amount": 0.00
        },
        {
          "arrangement_number": "NL68RABO1516843703",
          "product_name": "Rabo InternetSparen",
          "administration_code": "02",
          "status_code": "L",
          "start_date": "2017-12-04",
          "balance_amount": 0.00,
          "balance_date_time": "2021-01-01T03:11:36.012208",
          "interest_percentage_type_code": "V",
          "variable_interest": {
            "interest_rate_brackets": [
              {
                "interest_percentage": 0.010,
                "lower_bound": 0.00
              },
              {
                "interest_percentage": 0.010,
                "lower_bound": 100000.00
              },
              {
                "interest_percentage": -0.500,
                "lower_bound": 250000.00
              }
            ],
            "bracket_structure_code": "S"
          }
        },
        {
          "arrangement_number": "NL46RABO1516843711",
          "product_name": "Rabo InternetSparen",
          "administration_code": "02",
          "status_code": "L",
          "start_date": "2017-12-04",
          "balance_amount": 42.14,
          "balance_date_time": "2021-01-01T03:11:36.014799",
          "interest_percentage_type_code": "V",
          "variable_interest": {
            "interest_rate_brackets": [
              {
                "interest_percentage": 0.010,
                "lower_bound": 0.00
              },
              {
                "interest_percentage": 0.010,
                "lower_bound": 100000.00
              },
              {
                "interest_percentage": -0.500,
                "lower_bound": 250000.00
              }
            ],
            "bracket_structure_code": "S"
          }
        },
        {
          "arrangement_number": "NL76RABO3162414512",
          "product_name": "Rabo ToekomstSparen",
          "administration_code": "02",
          "status_code": "L",
          "start_date": "2019-10-03",
          "planned_end_date": "2032-02-02",
          "balance_amount": 0.00,
          "balance_date_time": "2021-01-01T03:48:26.60016",
          "interest_percentage_type_code": "V",
          "variable_interest": {
            "interest_rate_brackets": [
              {
                "interest_percentage": 0.250,
                "lower_bound": 0.00
              }
            ],
            "bracket_structure_code": "S"
          },
          "fiscal_regime_code": 1,
          "target_end_value_amount": 0.00
        },
        {
          "arrangement_number": "NL41RABO3497770914",
          "product_name": "Rabo InternetSparen",
          "administration_code": "02",
          "status_code": "L",
          "start_date": "2019-04-28",
          "balance_amount": 0.00,
          "balance_date_time": "2021-01-01T03:26:26.469991",
          "interest_percentage_type_code": "V",
          "variable_interest": {
            "interest_rate_brackets": [
              {
                "interest_percentage": 0.010,
                "lower_bound": 0.00
              },
              {
                "interest_percentage": 0.010,
                "lower_bound": 100000.00
              },
              {
                "interest_percentage": -0.500,
                "lower_bound": 250000.00
              }
            ],
            "bracket_structure_code": "S"
          }
        },
        {
          "arrangement_number": "NL76RABO1270596934",
          "product_name": "Rabo ToekomstSparen",
          "administration_code": "02",
          "status_code": "L",
          "start_date": "2019-10-10",
          "planned_end_date": "2032-02-02",
          "balance_amount": 0.00,
          "balance_date_time": "2021-01-01T03:43:16.689565",
          "interest_percentage_type_code": "V",
          "variable_interest": {
            "interest_rate_brackets": [
              {
                "interest_percentage": 0.250,
                "lower_bound": 0.00
              }
            ],
            "bracket_structure_code": "S"
          },
          "fiscal_regime_code": 1,
          "target_end_value_amount": 0.00
        },
        {
          "arrangement_number": "NL69RABO3029689441",
          "product_name": "Rabo SpaarRekening",
          "administration_code": "02",
          "status_code": "L",
          "start_date": "2002-03-04",
          "balance_amount": 1573.83,
          "balance_date_time": "2021-01-01T02:23:28.713529",
          "interest_percentage_type_code": "V",
          "variable_interest": {
            "interest_rate_brackets": [
              {
                "interest_percentage": 0.010,
                "lower_bound": 0.00
              },
              {
                "interest_percentage": 0.010,
                "lower_bound": 100000.00
              },
              {
                "interest_percentage": -0.500,
                "lower_bound": 250000.00
              }
            ],
            "bracket_structure_code": "S"
          }
        },
        {
          "arrangement_number": "NL12RABO1270597019",
          "product_name": "Rabo ToekomstSparen",
          "administration_code": "02",
          "status_code": "L",
          "start_date": "2019-10-10",
          "planned_end_date": "2032-02-02",
          "balance_amount": 0.00,
          "balance_date_time": "2021-01-01T03:43:16.694509",
          "interest_percentage_type_code": "V",
          "variable_interest": {
            "interest_rate_brackets": [
              {
                "interest_percentage": 0.250,
                "lower_bound": 0.00
              }
            ],
            "bracket_structure_code": "S"
          },
          "fiscal_regime_code": 1,
          "target_end_value_amount": 0.00
        }
      ]
    }
  }
}