{
  "priority": 999,
  "request": {
    "urlPattern": "/financial-information/api/loan-arrangements\\?relation_id=(.*)",
    "method": "GET"
  },
  "response": {
    "status": 200,
    "jsonBody": {
      "loans": [
        {
          "arrangementNumber": "1121681102",
          "commercialProductType": "AFV",
          "startDate": "2020-05-05",
          "collectionAccount": "NL91RABO0103699759",
          "ascription": {
            "raboRelationName1": "Alfie Flex Verlosser"
          },
          "productType": "AFV",
          "retrievedDate": "2020-10-13",
          "box1Flag": true,
          "transitionFlag": true,
          "nextInterestDueDate": "2020-10-13",
          "interestPercentage": 5.5,
          "interestType": "VARIABEL",
          "endDateFixedInterestPeriod": "2040-05-05",
          "taxDeductibilityEndDate": "2040-05-05",
          "nextInterestAmount": 150000,
          "interestPaidTotalAmount": 1350000,
          "commercialProductName": "Aflossingsvrije Hypotheek",
          "nhgInd": false,
          "nhgNumber": "1231231234",
          "originalCapital": 15001000,
          "remainingCapital": 1500050005,
          "effectiveRemainingCapital": 15000100,
          "nextRepaymentAmount": 0,
          "nextRepaymentDueDate": "9999-10-13",
          "monthlyAnnuityAmount": 0,
          "monthlyRepaymentAmount": 0,
          "isRepaymentPayedOnAMonthlyBase": true,
          "depositAllowed": true,
          "frieslandbankUap": false,
          "hasCollateral": true,
          "isResidualDebt": false,
          "interestTariffComposition": {
            "basisCombiTopType": "B",
            "basisCombiTopSurchargePercentage": 0.0,
            "interestRateDeterminationDate": "2020-07-01",
            "irt": -0.9,
            "clientRiskSurchargePercentage": 0.5,
            "projectDiscountPercentage": -0.2,
            "loanToValueSurchargePercentage": 0.7,
            "loanToValueSurchargePercentageWithoutNoNhgSurchargePercentage": 0.7,
            "calculatedEmployeeDiscountPercentage": -0.1,
            "otherSurchargesPercentage": 0.5,
            "paymentAccountDiscountPercentage": 0.2,
            "otherDiscountsPercentage": 0.1
          },
          "ltvInterestSituation": "UNKNOWN",
          "ltvPercentage": 100.0,
          "receivedPaymentCurrentCalendarYear": 0,
          "rentevastePeriodeInMaanden": "000",
          "rentebedenktijdInMaanden": "000",
          "actueleRente": 63.0,
          "geenNHGOpslag": 2.0,
          "ltvMarktWaarde": 91669.5,
          "ltvStatus": "ONBEKEND",
          "ltvDecision": ""
        },
        {
          "arrangementNumber": "1121681104",
          "commercialProductType": "ANN",
          "startDate": "2020-06-06",
          "endDate": "2050-06-06",
          "durationTerms": 240,
          "collectionAccount": "NL91RABO0103699759",
          "remainingDurationNumberOfMonths": 230,
          "ascription": {
            "raboRelationName1": "An Annamuren"
          },
          "productType": "ANN",
          "retrievedDate": "2020-10-13",
          "box1Flag": true,
          "transitionFlag": true,
          "nextInterestDueDate": "2020-10-13",
          "interestPercentage": 6.6,
          "interestType": "VAST",
          "endDateFixedInterestPeriod": "2046-06-06",
          "taxDeductibilityEndDate": "2046-06-06",
          "nextInterestAmount": 77381,
          "interestPaidTotalAmount": 704495,
          "commercialProductName": "Annuïteitenhypotheek",
          "nhgInd": true,
          "nhgNumber": "1231231234",
          "originalCapital": 16001000,
          "remainingCapital": 1600060000,
          "effectiveRemainingCapital": 16000100,
          "nextRepaymentAmount": 0,
          "nextRepaymentDueDate": "2020-10-13",
          "monthlyAnnuityAmount": 148874,
          "monthlyRepaymentAmount": 0,
          "isRepaymentPayedOnAMonthlyBase": true,
          "depositAllowed": true,
          "frieslandbankUap": false,
          "hasCollateral": true,
          "isResidualDebt": false,
          "interestTariffComposition": {
            "basisCombiTopType": "B",
            "basisCombiTopSurchargePercentage": 0.0,
            "interestRateDeterminationDate": "2020-07-01",
            "irt": -0.9,
            "clientRiskSurchargePercentage": 0.5,
            "projectDiscountPercentage": -0.2,
            "loanToValueSurchargePercentage": 0.7,
            "loanToValueSurchargePercentageWithoutNoNhgSurchargePercentage": 0.7,
            "calculatedEmployeeDiscountPercentage": -0.1,
            "otherSurchargesPercentage": 0.5,
            "paymentAccountDiscountPercentage": 0.2,
            "otherDiscountsPercentage": 0.1
          },
          "ltvInterestSituation": "UNKNOWN",
          "ltvPercentage": 100.0,
          "receivedPaymentCurrentCalendarYear": 0,
          "rentevastePeriodeInMaanden": "000",
          "rentebedenktijdInMaanden": "000",
          "actueleRente": 63.0,
          "geenNHGOpslag": 2.0,
          "ltvMarktWaarde": 91669.5,
          "ltvStatus": "ONBEKEND",
          "ltvDecision": ""
        },
        {
          "arrangementNumber": "1121681101",
          "commercialProductType": "LIN",
          "startDate": "2012-02-02",
          "endDate": "2042-02-02",
          "durationTerms": 360,
          "collectionAccount": "NL91RABO0103699759",
          "remainingDurationNumberOfMonths": 230,
          "ascription": {
            "raboRelationName1": "Luca Luceratief"
          },
          "productType": "LIN",
          "retrievedDate": "2020-10-13",
          "box1Flag": true,
          "transitionFlag": true,
          "nextInterestDueDate": "2020-10-13",
          "interestPercentage": 2.2,
          "interestType": "VAST",
          "endDateFixedInterestPeriod": "2032-02-02",
          "taxDeductibilityEndDate": "2032-02-02",
          "nextInterestAmount": 64444,
          "interestPaidTotalAmount": 589998,
          "commercialProductName": "Lineaire hypotheek",
          "nhgInd": true,
          "nhgNumber": "1231231234",
          "originalCapital": 12001000,
          "remainingCapital": 1200020000,
          "effectiveRemainingCapital": 12000100,
          "nextRepaymentAmount": 69445,
          "nextRepaymentDueDate": "2020-10-13",
          "monthlyAnnuityAmount": 0,
          "monthlyRepaymentAmount": 69445,
          "isRepaymentPayedOnAMonthlyBase": true,
          "depositAllowed": true,
          "frieslandbankUap": false,
          "hasCollateral": true,
          "isResidualDebt": false,
          "interestTariffComposition": {
            "basisCombiTopType": "B",
            "basisCombiTopSurchargePercentage": 0.0,
            "interestRateDeterminationDate": "2020-07-01",
            "irt": -0.9,
            "clientRiskSurchargePercentage": 0.5,
            "projectDiscountPercentage": -0.2,
            "loanToValueSurchargePercentage": 0.7,
            "loanToValueSurchargePercentageWithoutNoNhgSurchargePercentage": 0.7,
            "calculatedEmployeeDiscountPercentage": -0.1,
            "otherSurchargesPercentage": 0.5,
            "paymentAccountDiscountPercentage": 0.2,
            "otherDiscountsPercentage": 0.1
          },
          "ltvInterestSituation": "UNKNOWN",
          "ltvPercentage": 100.0,
          "receivedPaymentCurrentCalendarYear": 0,
          "rentevastePeriodeInMaanden": "000",
          "rentebedenktijdInMaanden": "000",
          "actueleRente": 63.0,
          "geenNHGOpslag": 2.0,
          "ltvMarktWaarde": 91669.5,
          "ltvStatus": "ONBEKEND",
          "ltvDecision": ""
        },
        {
          "arrangementNumber": "1121681105",
          "commercialProductType": "OMH",
          "startDate": "2020-07-07",
          "endDate": "2040-07-07",
          "durationTerms": 240,
          "collectionAccount": "NL91RABO0103699759",
          "remainingDurationNumberOfMonths": 230,
          "ascription": {
            "raboRelationName1": "Olfredus Mien Huppelen"
          },
          "productType": "SBH",
          "retrievedDate": "2020-10-13",
          "box1Flag": true,
          "transitionFlag": true,
          "nextInterestDueDate": "2020-10-13",
          "interestPercentage": 7.7,
          "interestType": "VAST",
          "endDateFixedInterestPeriod": "2040-07-07",
          "taxDeductibilityEndDate": "2040-07-07",
          "nextInterestAmount": 2075000,
          "interestPaidTotalAmount": 18675000,
          "commercialProductName": "OpMaat Hypotheek",
          "nhgInd": true,
          "nhgNumber": "1231231234",
          "originalCapital": 17001000,
          "remainingCapital": 1700070000,
          "effectiveRemainingCapital": 17000100,
          "nextRepaymentAmount": 0,
          "isRepaymentPayedOnAMonthlyBase": true,
          "depositAllowed": true,
          "frieslandbankUap": false,
          "hasCollateral": true,
          "isResidualDebt": false,
          "interestTariffComposition": {
            "basisCombiTopType": "B",
            "basisCombiTopSurchargePercentage": 0.0,
            "interestRateDeterminationDate": "2020-07-01",
            "irt": -0.9,
            "clientRiskSurchargePercentage": 0.5,
            "projectDiscountPercentage": -0.2,
            "loanToValueSurchargePercentage": 0.7,
            "loanToValueSurchargePercentageWithoutNoNhgSurchargePercentage": 0.7,
            "calculatedEmployeeDiscountPercentage": -0.1,
            "otherSurchargesPercentage": 0.5,
            "paymentAccountDiscountPercentage": 0.2,
            "otherDiscountsPercentage": 0.1
          },
          "ltvInterestSituation": "UNKNOWN",
          "ltvPercentage": 100.0,
          "policyNumber": "83375300000",
          "receivedPaymentCurrentCalendarYear": 0,
          "rentevastePeriodeInMaanden": "000",
          "rentebedenktijdInMaanden": "000",
          "actueleRente": 63.0,
          "geenNHGOpslag": 2.0,
          "ltvMarktWaarde": 91669.5,
          "ltvStatus": "ONBEKEND",
          "ltvDecision": ""
        },
        {
          "arrangementNumber": "1121681108",
          "commercialProductType": "ROH",
          "startDate": "2011-01-01",
          "endDate": "2041-01-01",
          "durationTerms": 360,
          "collectionAccount": "NL91RABO0103699759",
          "remainingDurationNumberOfMonths": 255,
          "ascription": {
            "raboRelationName1": "Rocky ROH"
          },
          "productType": "BSP",
          "retrievedDate": "2020-10-13",
          "box1Flag": true,
          "transitionFlag": true,
          "nextInterestDueDate": "2030-01-01",
          "interestPercentage": 1.1,
          "interestType": "VAST",
          "endDateFixedInterestPeriod": "2030-01-01",
          "taxDeductibilityEndDate": "2042-01-01",
          "nextInterestAmount": 68542,
          "interestPaidTotalAmount": 616878,
          "commercialProductName": "Rabo Opbouwhypotheek",
          "nhgInd": true,
          "nhgNumber": "1231231234",
          "originalCapital": 11001000,
          "remainingCapital": 1100010000,
          "effectiveRemainingCapital": 11000000,
          "nextRepaymentAmount": 0,
          "nextRepaymentDueDate": "9999-10-13",
          "monthlyAnnuityAmount": 11,
          "monthlyRepaymentAmount": 1,
          "isRepaymentPayedOnAMonthlyBase": true,
          "depositAllowed": true,
          "frieslandbankUap": false,
          "hasCollateral": true,
          "isResidualDebt": false,
          "interestTariffComposition": {
            "basisCombiTopType": "B",
            "basisCombiTopSurchargePercentage": 0.0,
            "interestRateDeterminationDate": "2020-07-01",
            "irt": -0.9,
            "clientRiskSurchargePercentage": 0.5,
            "projectDiscountPercentage": -0.2,
            "loanToValueSurchargePercentage": 0.7,
            "loanToValueSurchargePercentageWithoutNoNhgSurchargePercentage": 0.7,
            "calculatedEmployeeDiscountPercentage": -0.1,
            "otherSurchargesPercentage": 0.5,
            "paymentAccountDiscountPercentage": 0.2,
            "otherDiscountsPercentage": 0.1
          },
          "ltvInterestSituation": "UNKNOWN",
          "ltvPercentage": 100.0,
          "receivedPaymentCurrentCalendarYear": 0,
          "rentevastePeriodeInMaanden": "000",
          "rentebedenktijdInMaanden": "000",
          "actueleRente": 63.0,
          "geenNHGOpslag": 2.0,
          "ltvMarktWaarde": 91669.5,
          "ltvStatus": "ONBEKEND",
          "ltvDecision": ""
        },
        {
          "arrangementNumber": "1121681106",
          "commercialProductType": "SOH",
          "startDate": "2020-03-03",
          "endDate": "2050-03-03",
          "durationTerms": 240,
          "collectionAccount": "NL91RABO0103699759",
          "remainingDurationNumberOfMonths": 230,
          "ascription": {
            "raboRelationName1": "Soho Samen"
          },
          "productType": "SPH",
          "retrievedDate": "2020-10-13",
          "box1Flag": true,
          "transitionFlag": true,
          "nextInterestDueDate": "2020-10-13",
          "interestPercentage": 3.3,
          "interestType": "VAST",
          "endDateFixedInterestPeriod": "2043-03-03",
          "taxDeductibilityEndDate": "2043-03-03",
          "nextInterestAmount": 125000,
          "interestPaidTotalAmount": 1125000,
          "commercialProductName": "SpaarOptimaal Hypotheek",
          "nhgInd": true,
          "nhgNumber": "1231231234",
          "originalCapital": 13001000,
          "remainingCapital": 1300030000,
          "effectiveRemainingCapital": 13000100,
          "nextRepaymentAmount": 0,
          "isRepaymentPayedOnAMonthlyBase": true,
          "depositAllowed": true,
          "frieslandbankUap": false,
          "hasCollateral": true,
          "isResidualDebt": false,
          "interestTariffComposition": {
            "basisCombiTopType": "B",
            "basisCombiTopSurchargePercentage": 0.0,
            "interestRateDeterminationDate": "2020-07-01",
            "irt": -0.9,
            "clientRiskSurchargePercentage": 0.5,
            "projectDiscountPercentage": -0.2,
            "loanToValueSurchargePercentage": 0.7,
            "loanToValueSurchargePercentageWithoutNoNhgSurchargePercentage": 0.7,
            "calculatedEmployeeDiscountPercentage": -0.1,
            "otherSurchargesPercentage": 0.5,
            "paymentAccountDiscountPercentage": 0.2,
            "otherDiscountsPercentage": 0.1
          },
          "ltvInterestSituation": "UNKNOWN",
          "ltvPercentage": 100.0,
          "policyNumber": "50956140000",
          "sosNumber": "0739157824",
          "receivedPaymentCurrentCalendarYear": 0,
          "rentevastePeriodeInMaanden": "000",
          "rentebedenktijdInMaanden": "000",
          "actueleRente": 63.0,
          "geenNHGOpslag": 2.0,
          "ltvMarktWaarde": 91669.5,
          "ltvStatus": "ONBEKEND",
          "ltvDecision": ""
        },
        {
          "arrangementNumber": "1121681107",
          "commercialProductType": "SZH",
          "startDate": "2020-04-04",
          "endDate": "2050-04-04",
          "durationTerms": 240,
          "collectionAccount": "NL91RABO0103699759",
          "remainingDurationNumberOfMonths": 230,
          "ascription": {
            "raboRelationName1": "Sean Zahar Hennemery"
          },
          "productType": "SPH",
          "retrievedDate": "2020-10-13",
          "box1Flag": true,
          "transitionFlag": true,
          "nextInterestDueDate": "2020-10-13",
          "interestPercentage": 4.4,
          "interestType": "VAST",
          "endDateFixedInterestPeriod": "2040-01-01",
          "taxDeductibilityEndDate": "2040-01-01",
          "nextInterestAmount": 225000,
          "interestPaidTotalAmount": 2025000,
          "commercialProductName": "SpaarZeker Hypotheek",
          "nhgInd": true,
          "nhgNumber": "1231231234",
          "originalCapital": 14001000,
          "remainingCapital": 1400040000,
          "effectiveRemainingCapital": 14000100,
          "nextRepaymentAmount": 0,
          "isRepaymentPayedOnAMonthlyBase": true,
          "depositAllowed": true,
          "frieslandbankUap": false,
          "hasCollateral": false,
          "isResidualDebt": false,
          "interestTariffComposition": {
            "basisCombiTopType": "B",
            "basisCombiTopSurchargePercentage": 0.0,
            "interestRateDeterminationDate": "2020-07-01",
            "irt": -0.9,
            "clientRiskSurchargePercentage": 0.5,
            "projectDiscountPercentage": -0.2,
            "loanToValueSurchargePercentage": 0.7,
            "loanToValueSurchargePercentageWithoutNoNhgSurchargePercentage": 0.7,
            "calculatedEmployeeDiscountPercentage": -0.1,
            "otherSurchargesPercentage": 0.5,
            "paymentAccountDiscountPercentage": 0.2,
            "otherDiscountsPercentage": 0.1
          },
          "ltvInterestSituation": "UNKNOWN",
          "ltvPercentage": 100.0,
          "policyNumber": "94157250000",
          "receivedPaymentCurrentCalendarYear": 0,
          "rentevastePeriodeInMaanden": "000",
          "rentebedenktijdInMaanden": "000",
          "actueleRente": 63.0,
          "geenNHGOpslag": 2.0,
          "ltvMarktWaarde": 91669.5,
          "ltvStatus": "ONBEKEND",
          "ltvDecision": ""
        }
      ],
      "collateral_objects": [
        {
          "collateralObjectTypeCode": "WV",
          "address": {
            "streetName": "Stubbed-Veldweg",
            "houseNumber": "3",
            "houseNumberExtension": "bis",
            "postalCode": "6961 CX",
            "city": "Eerbeek",
            "country": "NEDERLAND"
          },
          "collateralObjectValuation": {
            "valuationMethodTypeCode": "E"
          },
          "referencingLoanArrangementNumbers": [
            "1121681101",
            "1121681102",
            "1121681103",
            "1121681104",
            "1121681105",
            "1121681106",
            "1121681108"
          ]
        }
      ],
      "coupled_insurance_products": [
        {
          "commercialProductType": "SZV",
          "productTypeDescription": "SpaarZeker Verzekering",
          "productType": "SPH",
          "actualityDateTime": "2020-10-13T08:04:51.975678",
          "startDate": "2020-01-01",
          "endDate": "2040-01-01",
          "fiscalFramework": "BOX1",
          "policyNumber": "94157250000",
          "coupledToLoanArrangementNumber": "1121681107",
          "targetCapitalAmount": 14000000,
          "plannedEndDate": "2040-01-01",
          "customerPremiumAmount": 444.44,
          "savingsAccountBalance": 14000,
          "investmentPortfolioValueAmount": 0,
          "premiumCollectionIban": "NL44RABO0123456789",
          "involvedParties": [
            {
              "fullName": "Amy Bloom",
              "atLifeInsuredAmount": 100000,
              "atDeathInsuredAmount": 100000
            },
            {
              "fullName": "Barry Wolowitz",
              "atLifeInsuredAmount": 100000,
              "atDeathInsuredAmount": 125000
            }
          ],
          "beneficiaries": [
            {
              "beneficiaryTypeCode": "code0001",
              "beneficiaryDescription": "BEGUNSTIGING1"
            },
            {
              "beneficiaryTypeCode": "code0002",
              "beneficiaryDescription": "BEGUNSTIGING2"
            }
          ],
          "box1Flag": true,
          "pledgeFlag": true,
          "premiumFree": false
        },
        {
          "commercialProductType": "OMV",
          "productTypeDescription": "OpMaat Verzekering",
          "productType": "SBV",
          "actualityDateTime": "2020-10-13T08:04:51.974987",
          "startDate": "2020-01-01",
          "endDate": "2040-01-01",
          "fiscalFramework": "BOX1",
          "policyNumber": "83375300000",
          "coupledToLoanArrangementNumber": "1121681105",
          "targetCapitalAmount": 17000000,
          "plannedEndDate": "2040-01-01",
          "customerPremiumAmount": 777.77,
          "savingsAccountBalance": 17000,
          "investmentPortfolioValueAmount": 0,
          "premiumCollectionIban": "NL44RABO0123456789",
          "involvedParties": [
            {
              "fullName": "Wil Bloom",
              "atLifeInsuredAmount": 1037500,
              "atDeathInsuredAmount": 1037500
            },
            {
              "fullName": "Stuart Cooper",
              "atLifeInsuredAmount": 1037500,
              "atDeathInsuredAmount": 1037500
            }
          ],
          "beneficiaries": [
            {
              "beneficiaryTypeCode": "code0001",
              "beneficiaryDescription": "BEGUNSTIGING1"
            },
            {
              "beneficiaryTypeCode": "code0002",
              "beneficiaryDescription": "BEGUNSTIGING2"
            }
          ],
          "box1Flag": true,
          "pledgeFlag": true,
          "premiumFree": false
        },
        {
          "commercialProductType": "SOV",
          "productTypeDescription": "SpaarOptimaal Verzekering",
          "productType": "SPH",
          "actualityDateTime": "2020-10-13T08:04:51.975448",
          "startDate": "2020-01-01",
          "endDate": "2040-01-01",
          "fiscalFramework": "BOX1",
          "policyNumber": "50956140000",
          "coupledToLoanArrangementNumber": "1121681106",
          "targetCapitalAmount": 13000000,
          "plannedEndDate": "2040-01-01",
          "customerPremiumAmount": 333.33,
          "savingsAccountBalance": -13000,
          "investmentPortfolioValueAmount": 0,
          "premiumCollectionIban": "NL44RABO0123456789",
          "involvedParties": [
            {
              "fullName": "Wil Wolowitz",
              "atLifeInsuredAmount": 125000,
              "atDeathInsuredAmount": 125000
            }
          ],
          "beneficiaries": [],
          "box1Flag": true,
          "pledgeFlag": true,
          "premiumFree": false
        }
      ],
      "savings_products": [
        {
          "arrangementNumber": "0003935703",
          "externalReferenceId": "1121681108",
          "commercialProductType": "ROS",
          "collectionAccount": "0103699759",
          "productType": "BSP",
          "inputProductType": "SPAREN",
          "endCapitalSavings": 11000000,
          "accumulatedValueSavings": 1100000,
          "targetSavingsEndDate": "2042-01-01",
          "currencyCode": "EUR",
          "customerPremiumAmount": 111.11,
          "accumulatedValueSavingsOwnProperty": 4000000
        }
      ],
      "credits": [
        {
          "arrangement": {
            "arrangement_number": "NL94RABO0719756405",
            "administration_code": "01",
            "commercial_product_type_code": "0045",
            "actuality_date_time": "2020-10-13T08:04:51.975448"
          },
          "basic_payment_agreement": {
            "credit_amount_processing_date": "2016-06-02",
            "credit_currency_smallest_unit_amount": 180008.88,
            "credit_start_date": "2018-08-08",
            "credit_product_number": "1",
            "credit_amount_start_date": "2016-06-02"
          },
          "debit_interest_structure": {
            "nominal_percentage": 8.80000
          },
          "debit_interest_agreement": {
            "start_date": "2016-06-02"
          }
        }
      ]
    },
    "headers": {
      "Content-Type": "application/json"
    }
  }
}