{
  "request": {
    "method": "GET",
    "urlPathPattern": "/financial-information/api/investments",
    "queryParameters": {
      "relation_id": {
        "matches": "[0-9]*|[a-z]*"
      }
    }
  },
  "response": {
    "status": 200,
    "headers": {
      "Content-Type": "application/json"
    },
    "jsonBody": {
      "investment_arrangements": [
        {
          "arrangement_number": "33701970",
          "product_description": "Rabo Beheerd Beleggen - Actief",
          "target_risk_profile_code": "OF",
          "start_date": "2016-02-14",
          "customer_description": "RBB act.datum ouder 1 jaar",
          "final_value_amount": 0.00,
          "end_value_amount_date": "2041-02-01",
          "deposits": [
            {
              "deposit_amount": 64.00,
              "deposit_frequency": "M"
            }
          ],
          "investment_purpose": "GRWT",
          "balance_amount": 2096.370000,
          "balance_amount_date": "2021-02-16"
        },
        {
          "arrangement_number": "33701989",
          "product_description": "Rabo beheerd Beleggen - Actief Duurzaam",
          "target_risk_profile_code": "NT",
          "start_date": "2016-02-14",
          "customer_description": "RBB - Héé Hääi {{7*6}}",
          "final_value_amount": 10000.00,
          "end_value_amount_date": "2040-12-30",
          "deposits": [
            {
              "deposit_amount": 7017.00,
              "deposit_frequency": "O"
            }
          ],
          "investment_purpose": "GRWT",
          "balance_amount": 1656.560000,
          "balance_amount_date": "2021-02-16"
        },
        {
          "arrangement_number": "36206520",
          "product_description": "Rabo Beheerd Beleggen - Basis",
          "target_risk_profile_code": "NT",
          "start_date": "2020-10-27",
          "end_value_amount_date": "2038-10-27",
          "deposits": [
            {
              "deposit_amount": 40000.00,
              "deposit_frequency": "O"
            },
            {
              "deposit_amount": 150.00,
              "deposit_frequency": "M"
            }
          ],
          "investment_purpose": "GRWT",
          "balance_amount": 0.000000,
          "balance_amount_date": "2021-02-16"
        },
        {
          "arrangement_number": "35174900",
          "product_description": "Rabo Toekomst Beleggen",
          "target_risk_profile_code": "ZO",
          "start_date": "2019-10-10",
          "end_value_amount_date": "2060-01-01",
          "deposits": [
            {
              "deposit_amount": 10000.00,
              "deposit_frequency": "O"
            }
          ],
          "investment_purpose": "GRWT",
          "balance_amount": 11789.520000,
          "balance_amount_date": "2021-02-16"
        },
        {
          "arrangement_number": "35628235",
          "product_description": "Rabo Beheerd Beleggen - Basis",
          "target_risk_profile_code": "ZO",
          "start_date": "2020-03-05",
          "end_value_amount_date": "2040-03-05",
          "deposits": [
            {
              "deposit_amount": 60000.00,
              "deposit_frequency": "O"
            },
            {
              "deposit_amount": 100.00,
              "deposit_frequency": "M"
            }
          ],
          "investment_purpose": "GRWT",
          "balance_amount": 0.000000,
          "balance_amount_date": "2021-02-16"
        },
        {
          "arrangement_number": "36360759",
          "product_description": "Rabo Beheerd Beleggen - Basis",
          "target_risk_profile_code": "NT",
          "start_date": "2021-01-12",
          "end_value_amount_date": "2035-01-12",
          "deposits": [
            {
              "deposit_amount": 35000.00,
              "deposit_frequency": "O"
            },
            {
              "deposit_amount": 150.00,
              "deposit_frequency": "M"
            }
          ],
          "investment_purpose": "GRWT",
          "balance_amount": 0.000000,
          "balance_amount_date": "2021-02-16"
        },
        {
          "arrangement_number": "34457976",
          "product_description": "Rabo Zelf Beleggen",
          "start_date": "2017-12-11",
          "deposits": [],
          "balance_amount": 16.720000,
          "balance_amount_date": "2021-02-16"
        },
        {
          "arrangement_number": "35021713",
          "product_description": "Rabo Zelf Beleggen",
          "start_date": "2019-04-18",
          "deposits": [],
          "balance_amount": 0.000000,
          "balance_amount_date": "2021-02-16"
        },
        {
          "arrangement_number": "34023585",
          "product_description": "Rabo Beheerd Beleggen - Basis",
          "target_risk_profile_code": "DF",
          "start_date": "2016-12-19",
          "customer_description": "RBB Inkomen",
          "final_value_amount": 0.00,
          "end_value_amount_date": "2035-01-01",
          "deposits": [
            {
              "deposit_amount": 80.00,
              "deposit_frequency": "M"
            }
          ],
          "investment_purpose": "INCM",
          "balance_amount": 2074.250000,
          "balance_amount_date": "2021-02-16"
        },
        {
          "arrangement_number": "35821884",
          "product_description": "Rabo Zelf Beleggen",
          "start_date": "2020-03-26",
          "deposits": [],
          "balance_amount": 0.000000,
          "balance_amount_date": "2021-02-16"
        },
        {
          "arrangement_number": "36114987",
          "product_description": "Rabo Beheerd Beleggen - Basis",
          "target_risk_profile_code": "OF",
          "start_date": "2020-08-11",
          "end_value_amount_date": "2033-08-11",
          "deposits": [
            {
              "deposit_amount": 20000.00,
              "deposit_frequency": "O"
            },
            {
              "deposit_amount": 200.00,
              "deposit_frequency": "M"
            }
          ],
          "investment_purpose": "GRWT",
          "balance_amount": 0.000000,
          "balance_amount_date": "2021-02-16"
        },
        {
          "arrangement_number": "34473165",
          "product_description": "Rabo Zelf Beleggen",
          "start_date": "2017-12-29",
          "deposits": [],
          "balance_amount": 236.300000,
          "balance_amount_date": "2021-02-16"
        },
        {
          "arrangement_number": "36437514",
          "product_description": "Rabo Beheerd Beleggen - Basis",
          "target_risk_profile_code": "OF",
          "start_date": "2021-02-15",
          "final_value_amount": 45000.00,
          "end_value_amount_date": "2036-02-15",
          "deposits": [
            {
              "deposit_amount": 50000.00,
              "deposit_frequency": "O"
            },
            {
              "deposit_amount": 150.00,
              "deposit_frequency": "M"
            }
          ],
          "investment_purpose": "KIDS",
          "balance_amount": 0.000000,
          "balance_amount_date": "2021-02-16"
        },
        {
          "arrangement_number": "35053399",
          "product_description": "Rabo Beheerd Beleggen - Actief",
          "target_risk_profile_code": "NT",
          "start_date": "2019-05-21",
          "customer_description": "",
          "final_value_amount": 6000.00,
          "end_value_amount_date": "2050-05-21",
          "deposits": [
            {
              "deposit_amount": 2200.00,
              "deposit_frequency": "M"
            }
          ],
          "investment_purpose": "KIDS",
          "balance_amount": 1667.130000,
          "balance_amount_date": "2021-02-16"
        },
        {
          "arrangement_number": "35174854",
          "product_description": "Rabo Toekomst Beleggen",
          "target_risk_profile_code": "OF",
          "start_date": "2019-10-10",
          "end_value_amount_date": "2060-01-01",
          "deposits": [
            {
              "deposit_amount": 10000.00,
              "deposit_frequency": "O"
            }
          ],
          "investment_purpose": "GRWT",
          "balance_amount": 11428.640000,
          "balance_amount_date": "2021-02-16"
        },
        {
          "arrangement_number": "36416568",
          "product_description": "Rabo Zelf Beleggen",
          "start_date": "2021-02-03",
          "deposits": [],
          "balance_amount": 0.000000,
          "balance_amount_date": "2021-02-16"
        },
        {
          "arrangement_number": "36111090",
          "product_description": "Rabo Beheerd Beleggen - Basis",
          "target_risk_profile_code": "OF",
          "start_date": "2020-08-06",
          "customer_description": "10-8 gesloten",
          "final_value_amount": 60000.00,
          "end_value_amount_date": "2060-11-11",
          "deposits": [
            {
              "deposit_amount": 100000.00,
              "deposit_frequency": "M"
            }
          ],
          "investment_purpose": "GRWT",
          "balance_amount": 0.000000,
          "balance_amount_date": "2021-02-16"
        },
        {
          "arrangement_number": "35167475",
          "product_description": "Rabo Toekomst Beleggen",
          "target_risk_profile_code": "DF",
          "start_date": "2019-10-03",
          "end_value_amount_date": "2060-01-01",
          "deposits": [
            {
              "deposit_amount": 6000.00,
              "deposit_frequency": "O"
            }
          ],
          "investment_purpose": "GRWT",
          "balance_amount": 10625.060000,
          "balance_amount_date": "2021-02-16"
        },
        {
          "arrangement_number": "36346519",
          "product_description": "Rabo Beheerd Beleggen - Basis",
          "target_risk_profile_code": "NT",
          "start_date": "2021-01-07",
          "end_value_amount_date": "2036-01-07",
          "deposits": [
            {
              "deposit_amount": 35000.00,
              "deposit_frequency": "O"
            },
            {
              "deposit_amount": 300.00,
              "deposit_frequency": "M"
            }
          ],
          "investment_purpose": "GRWT",
          "balance_amount": 0.000000,
          "balance_amount_date": "2021-02-16"
        },
        {
          "arrangement_number": "35811803",
          "product_description": "Rabo Beheerd Beleggen - Exclusief",
          "target_risk_profile_code": "ZO",
          "start_date": "2020-03-25",
          "customer_description": "Fund of Mandates 1",
          "final_value_amount": 20000.00,
          "end_value_amount_date": "2050-01-01",
          "deposits": [
            {
              "deposit_amount": 20000.00,
              "deposit_frequency": "O"
            },
            {
              "deposit_amount": 500.00,
              "deposit_frequency": "M"
            }
          ],
          "investment_purpose": "GRWT",
          "balance_amount": 0.000000,
          "balance_amount_date": "2021-02-16"
        },
        {
          "arrangement_number": "36433942",
          "product_description": "Rabo Beheerd Beleggen - Basis",
          "target_risk_profile_code": "NT",
          "start_date": "2021-02-12",
          "customer_description": "test addendum",
          "final_value_amount": 25000.00,
          "end_value_amount_date": "2032-02-02",
          "deposits": [
            {
              "deposit_amount": 50000.00,
              "deposit_frequency": "O"
            }
          ],
          "investment_purpose": "KIDS",
          "balance_amount": 0.000000,
          "balance_amount_date": "2021-02-16"
        },
        {
          "arrangement_number": "36348643",
          "product_description": "Rabo Beheerd Beleggen - Basis",
          "target_risk_profile_code": "DF",
          "start_date": "2021-01-07",
          "end_value_amount_date": "2035-01-07",
          "deposits": [
            {
              "deposit_amount": 38000.00,
              "deposit_frequency": "O"
            },
            {
              "deposit_amount": 225.00,
              "deposit_frequency": "M"
            }
          ],
          "investment_purpose": "GRWT",
          "balance_amount": 0.000000,
          "balance_amount_date": "2021-02-16"
        },
        {
          "arrangement_number": "36384186",
          "product_description": "Individueel Vermogensbeheer",
          "target_risk_profile_code": "NT",
          "start_date": "2021-01-22",
          "final_value_amount": 60000.00,
          "end_value_amount_date": "2040-01-01",
          "deposits": [],
          "investment_purpose": "MNCP",
          "balance_amount": 0.000000,
          "balance_amount_date": "2021-02-16"
        },
        {
          "arrangement_number": "35167521",
          "product_description": "Rabo Toekomst Beleggen",
          "target_risk_profile_code": "NT",
          "start_date": "2019-10-03",
          "end_value_amount_date": "2060-01-01",
          "deposits": [
            {
              "deposit_amount": 10000.00,
              "deposit_frequency": "O"
            }
          ],
          "investment_purpose": "GRWT",
          "balance_amount": 11010.490000,
          "balance_amount_date": "2021-02-16"
        },
        {
          "arrangement_number": "35812079",
          "product_description": "Rabo Beheerd Beleggen - Exclusief",
          "target_risk_profile_code": "ZO",
          "start_date": "2020-03-25",
          "customer_description": "Fund of Mandates 2",
          "final_value_amount": 20000.00,
          "end_value_amount_date": "2050-01-01",
          "deposits": [
            {
              "deposit_amount": 20000.00,
              "deposit_frequency": "O"
            },
            {
              "deposit_amount": 500.00,
              "deposit_frequency": "M"
            }
          ],
          "investment_purpose": "GRWT",
          "balance_amount": 0.000000,
          "balance_amount_date": "2021-02-16"
        },
        {
          "arrangement_number": "36347507",
          "product_description": "Rabo Beheerd Beleggen - Basis",
          "target_risk_profile_code": "ZO",
          "start_date": "2021-01-07",
          "final_value_amount": 0.00,
          "end_value_amount_date": "2039-06-01",
          "deposits": [
            {
              "deposit_amount": 42000.00,
              "deposit_frequency": "O"
            },
            {
              "deposit_amount": 200.00,
              "deposit_frequency": "M"
            }
          ],
          "investment_purpose": "GRWT",
          "balance_amount": 0.000000,
          "balance_amount_date": "2021-02-16"
        },
        {
          "arrangement_number": "36346160",
          "product_description": "Rabo Beheerd Beleggen - Basis",
          "target_risk_profile_code": "OF",
          "start_date": "2021-01-07",
          "end_value_amount_date": "2033-01-07",
          "deposits": [
            {
              "deposit_amount": 25000.00,
              "deposit_frequency": "O"
            }
          ],
          "investment_purpose": "GRWT",
          "balance_amount": 0.000000,
          "balance_amount_date": "2021-02-16"
        },
        {
          "arrangement_number": "36368377",
          "product_description": "Rabo Beheerd Beleggen - Basis",
          "target_risk_profile_code": "OF",
          "start_date": "2021-01-15",
          "end_value_amount_date": "2037-01-15",
          "deposits": [
            {
              "deposit_amount": 30000.00,
              "deposit_frequency": "O"
            },
            {
              "deposit_amount": 250.00,
              "deposit_frequency": "M"
            }
          ],
          "investment_purpose": "GRWT",
          "balance_amount": 0.000000,
          "balance_amount_date": "2021-02-16"
        },
        {
          "arrangement_number": "36346551",
          "product_description": "Rabo Beheerd Beleggen - Basis",
          "target_risk_profile_code": "ZO",
          "start_date": "2021-01-07",
          "customer_description": "dsfhfshs",
          "final_value_amount": 0.00,
          "end_value_amount_date": "2045-01-01",
          "deposits": [
            {
              "deposit_amount": 25000.00,
              "deposit_frequency": "O"
            },
            {
              "deposit_amount": 100.00,
              "deposit_frequency": "M"
            }
          ],
          "investment_purpose": "GRWT",
          "balance_amount": 0.000000,
          "balance_amount_date": "2021-02-16"
        },
        {
          "arrangement_number": "36343161",
          "product_description": "Rabo Zelf Beleggen",
          "start_date": "2021-01-06",
          "deposits": [],
          "balance_amount": 0.000000,
          "balance_amount_date": "2021-02-16"
        },
        {
          "arrangement_number": "35847565",
          "product_description": "Rabo Beheerd Beleggen - Exclusief",
          "target_risk_profile_code": "ZO",
          "start_date": "2020-04-01",
          "customer_description": "RBBE - houden voor test",
          "final_value_amount": 40000.00,
          "end_value_amount_date": "2050-01-01",
          "deposits": [
            {
              "deposit_amount": 30000.00,
              "deposit_frequency": "O"
            },
            {
              "deposit_amount": 500.00,
              "deposit_frequency": "M"
            }
          ],
          "investment_purpose": "GRWT",
          "balance_amount": 0.000000,
          "balance_amount_date": "2021-02-16"
        }
      ]
    }
  }
}