<?xml version="1.0" encoding="UTF-8"?>
<configuration>
    <include resource="org/springframework/boot/logging/logback/defaults.xml" />
    <include resource="org/springframework/boot/logging/logback/console-appender.xml" />

    <springProperty name="appVersion" source="spring.application.version" />
    <springProperty name="fieldPatternsToMask" source="logging.logback.filter.field-patterns" />
    <springProperty name="fieldNamesToMask" source="logging.logback.filter.field-names" />
    <statusListener class="ch.qos.logback.core.status.OnConsoleStatusListener"/>

    <springProfile name="cloud">
        <appender name="STDOUT-JSON" class="ch.qos.logback.core.ConsoleAppender">
            <encoder class="net.logstash.logback.encoder.LogstashEncoder">
                <customFields>{"cf_app_version": "${appVersion:-}","cf_app_env": "${RABOPCF_SYSTEM_ENV:-}"}</customFields>
                <jsonGeneratorDecorator class="net.logstash.logback.mask.MaskingJsonGeneratorDecorator">
                    <values>${fieldPatternsToMask}</values>
                    <valueMasker class="nl.rabobank.investments.commons.logging.masker.XmlCustomValueMasker">
                        <fieldNames>${fieldNamesToMask}</fieldNames>
                    </valueMasker>
                </jsonGeneratorDecorator>
            </encoder>
        </appender>
    </springProfile>

    <root level="INFO">
        <springProfile name="cloud">
            <appender-ref ref="STDOUT-JSON"/>
        </springProfile>
        <springProfile name="!cloud">
            <appender-ref ref="CONSOLE"/>
        </springProfile>
    </root>
</configuration>
