<configuration>
    <springProperty name="appVersion" source="spring.application.version" />
    <statusListener class="ch.qos.logback.core.status.OnConsoleStatusListener"/>

    <springProfile name="cloud">
        <appender name="STDOUT-JSON" class="ch.qos.logback.core.ConsoleAppender">
            <encoder class="net.logstash.logback.encoder.AccessEventCompositeJsonEncoder">
                <providers>
                    <timestamp/>
                    <version/>
                    <method/>
                    <protocol/>
                    <statusCode/>
                    <requestedUrl/>
                    <requestedUri/>
                    <remoteHost/>
                    <remoteUser/>
                    <contentLength/>
                    <elapsedTime/>
                    <message/>
                    <pattern>
                        <pattern>
                            {
                                "cf_app_version": "${appVersion:-}",
                                "cf_app_env": "${RABOPCF_SYSTEM_ENV:-}",
                                "query_string": "%q",
                                "accept": "%i{Accept}",
                                "referer": "%i{Referer}",
                                "user_agent": "%i{User-Agent}",
                                "sessionId": "%i{X-Session-Id}",
                                "traceId": "%i{X-B3-TraceId}",
                                "spanId": "%i{X-B3-SpanId}",
                                "parentSpanId": "%i{X-B3-ParentSpanId}"
                            }
                        </pattern>
                    </pattern>
                </providers>
            </encoder>
        </appender>
    </springProfile>

    <springProfile name="!cloud">
        <appender name="CONSOLE" class="ch.qos.logback.core.ConsoleAppender">
            <encoder>
                <pattern>combined</pattern>
            </encoder>
        </appender>
    </springProfile>

    <springProfile name="cloud">
        <appender-ref ref="STDOUT-JSON"/>
    </springProfile>
    <springProfile name="!cloud">
        <appender-ref ref="CONSOLE"/>
    </springProfile>
</configuration>
