<document xmlns="http://maven.apache.org/changes/1.0.0"
          xmlns:xsi="http://www.w3.org/2001/XMLSchema-instance"
          xsi:schemaLocation="http://maven.apache.org/changes/1.0.0 http://maven.apache.org/xsd/changes-1.0.0.xsd">
    <properties>
        <title>${project.name}</title>
    </properties>
    <body>
        <release version="2.2.2-${revision}" date="${release.date}" description="Upgrades">
            <action type="update" date="21-11-2022" dev="Andre.Duursma@rabobank.nl">
                Upgraded Kotlin version to 1.7.21.
            </action>
            <action type="update" date="21-11-2022" dev="Andre.Duursma@rabobank.nl">
                Upgraded Spring Cloud version to 2021.0.5.
            </action>
        </release>

        <release version="2.2.1-${revision}" date="${release.date}" description="Upgrades">
            <action type="update" date="21-10-2022" dev="Andre.Duursma@rabobank.nl">
                Upgraded Spring Boot version to 2.7.5.
            </action>
            <action type="update" date="21-10-2022" dev="Andre.Duursma@rabobank.nl">
                Upgraded PITest dependencies.
            </action>
            <action type="update" date="21-10-2022" dev="Andre.Duursma@rabobank.nl">
                Upgraded snakeyaml dependency to resolve security vulnerabilities.
            </action>
            <action type="update" date="21-10-2022" dev="Andre.Duursma@rabobank.nl">
                Upgraded (transitive) commons-text dependency to resolve security vulnerabilities.
            </action>
        </release>

        <release version="2.2.0-${revision}" date="${release.date}" description="Nexus2 to Nexus3 migration">
            <action type="update" date="11-10-2022" dev="Andre.Duursma@rabobank.nl">
                Changed the Nexus2 repository URL's to the Nexus3 counterparts.
            </action>
            <action type="update" date="11-10-2022" dev="Andre.Duursma@rabobank.nl">
                Upgraded Kotlin version to 1.7.20.
            </action>
        </release>

        <release version="2.1.5-${revision}" date="${release.date}" description="Upgrades">
            <action type="update" date="23-09-2022" dev="Andre.Duursma@rabobank.nl">
                Upgraded Spring Boot version to 2.7.4.
            </action>
            <action type="update" date="23-09-2022" dev="Andre.Duursma@rabobank.nl">
                Upgraded Spring Cloud version to 2021.0.4.
            </action>
        </release>

        <release version="2.1.4-${revision}" date="${release.date}" description="Updated logbook dependencies with BOM import">
            <action type="update" date="19-09-2022" dev="pieter.botha@rabobank.nl">
                Easier version alignment for logbook dependencies.
            </action>
        </release>

        <release version="2.1.3-${revision}" date="${release.date}" description="Added feign configurations">
            <action type="update" date="13-09-2022" dev="madan.ramineni@rabobank.nl">
                Added feign configurations
            </action>
        </release>

        <release version="2.1.2-${revision}" date="${release.date}" description="Upgrades">
            <action type="update" date="24-08-2022" dev="Andre.Duursma@rabobank.nl">
                Upgraded Spring Boot version to 2.7.3.
            </action>
        </release>

        <release version="2.1.1-${revision}" date="${release.date}" description="Upgrades">
            <action type="update" date="25-07-2022" dev="Andre.Duursma@rabobank.nl">
                Upgraded Spring Boot version to 2.7.2.
            </action>
            <action type="update" date="25-07-2022" dev="Andre.Duursma@rabobank.nl">
                Upgraded Kotlin version to 1.7.10.
            </action>
        </release>

        <release version="2.1.0-${revision}" date="${release.date}" description="Upgrades">
            <action type="update" date="26-06-2022" dev="Akhil.Jain@rabobank.nl">
                Upgraded Java version to Java 17.
            </action>
            <action type="update" date="26-06-2022" dev="Akhil.Jain@rabobank.nl">
                Upgraded Spring Boot version to 2.7.1.
            </action>
        </release>

        <release version="2.0.2-${revision}" date="${release.date}" description="Revert Fix">
            <action type="fix" date="14-06-2022" dev="Akhil.Jain@rabobank.nl">
                Reverted Fix: Removed JsonInclude.NOT_NULL serialization default from object mapper.
            </action>
        </release>

        <release version="2.0.1-${revision}" date="${release.date}" description="Fix">
            <action type="fix" date="14-06-2022" dev="Akhil.Jain@rabobank.nl">
                Fix: Removed JsonInclude.NOT_NULL serialization default from object mapper.
            </action>
        </release>

        <release version="2.0.0-${revision}" date="${release.date}" description="Upgrades">
            <action type="update" issue="3991900" date="13-06-2022" dev="Akhil.Jain@rabobank.nl">
                Extracted web component from old kyca-commons-web-starter.
            </action>
        </release>

        <release version="1.7.2-${revision}" date="${release.date}" description="Upgrades">
            <action type="update" date="13-06-2022" dev="Andre.Duursma@rabobank.nl">
                Upgraded Kotlin version to 1.7.0.
            </action>
        </release>

        <release version="1.7.1-${revision}" date="${release.date}" description="Upgrades">
            <action type="update" date="01-06-2022" dev="Andre.Duursma@rabobank.nl">
                Upgraded Spring Cloud version to 2021.0.3.
            </action>
        </release>

        <release version="1.7.0-${revision}" date="${release.date}" description="Upgrades">
            <action type="update" date="21-05-2022" dev="Andre.Duursma@rabobank.nl">
                Upgraded Spring Boot version to 2.7.0.
            </action>
        </release>

        <release version="1.6.10-${revision}" date="${release.date}" description="Upgrades">
            <action type="update" date="19-05-2022" dev="Andre.Duursma@rabobank.nl">
                Upgraded Spring Boot version to 2.6.8.
            </action>
        </release>

        <release version="1.6.9-${revision}" date="${release.date}" description="Upgrades">
            <action type="update" date="30-04-2022" dev="Andre.Duursma@rabobank.nl">
                Upgraded Spring Cloud version to 2021.0.2.
            </action>
        </release>

        <release version="1.6.8-${revision}" date="${release.date}" description="Upgrades">
            <action type="update" date="25-04-2022" dev="Andre.Duursma@rabobank.nl">
                Upgraded Spring Boot version to 2.6.7.
            </action>
        </release>

        <release version="1.6.7-${revision}" date="${release.date}" description="Upgrades">
            <action type="update" date="20-04-2022" dev="Andre.Duursma@rabobank.nl">
                Upgraded Kotlin version to 1.6.21.
            </action>
        </release>

        <release version="1.6.6-${revision}" date="${release.date}" description="Release Announcement recipients">
            <action type="add" date="16-04-2022" dev="Andre.Duursma@rabobank.nl">
                Added André to the Release Announcement recipients list.
            </action>
            <action type="add" date="16-04-2022" dev="Andre.Duursma@rabobank.nl">
                Added Akhil to the Release Announcement recipients list.
            </action>
            <action type="add" date="16-04-2022" dev="Andre.Duursma@rabobank.nl">
                Added Jason to the Release Announcement recipients list.
            </action>
        </release>

        <release version="1.6.5-${revision}" date="${release.date}" description="Release Announcement">
            <action type="add" date="22-03-2022" dev="Andre.Duursma@rabobank.nl">
                Added the possibility to skip sending the Release Announcement.
            </action>
        </release>

        <release version="1.6.4-${revision}" date="${release.date}" description="Dependency scope fix">
            <action type="add" date="10-02-2022" dev="Andre.Duursma@rabobank.nl">
                Added missing "test" scope to Kotlin test dependencies, so we don't have them available at runtime.
            </action>
        </release>

        <release version="1.6.3-${revision}" date="${release.date}" description="Spring Boot upgrade">
            <action type="update" date="20-01-2022" dev="Andre.Duursma@rabobank.nl">
                Updated Spring Boot version to 2.6.3.
            </action>
        </release>

        <release version="1.6.2-${revision}" date="${release.date}"
                 description="Change rest template bean name to restTemplate">
            <action type="update" date="27-12-2021" dev="Sander.van.Driel@rabobank.nl">
                Changed REST template bean name to 'restTemplate'.
            </action>
        </release>

        <release version="1.6.1-${revision}" date="${release.date}"
                 description="Bugfix for incorrectly wired secure rest template">
            <action type="update" date="24-12-2021" dev="Sander.van.Driel@rabobank.nl">
                Bugfix for incorrectly wired securedRestTemplate class.
            </action>
        </release>

        <release version="1.6.0-${revision}" date="${release.date}" description="Move from Expedite to KYCA">
            <action type="update" date="22-12-2021" dev="Andre.Duursma@rabobank.nl">
                Changed artifactId into kyca-commons-web-spring-boot-starter.
            </action>
        </release>

        <release version="1.5.0-${revision}" date="${release.date}" description="Added secure rest template">
            <action type="add" date="17-12-2021" dev="Santaji.Suryawanshi@rabobank.nl">
                Added secure rest template and updated RestClient to use secure rest template.
            </action>
        </release>

        <release version="1.4.0-${revision}" date="${release.date}" description="Upgrades">
            <action type="update" date="03-12-2021" dev="Andre.Duursma@rabobank.nl">
                Updated Spring Cloud version to 2021.0.0.
            </action>
            <action type="update" date="03-12-2021" dev="Andre.Duursma@rabobank.nl">
                Updated Spring Boot version to 2.6.1.
            </action>
        </release>

        <release version="1.3.0-${revision}" date="${release.date}" description="Upgrades">
            <action type="update" date="23-11-2021" dev="Andre.Duursma@rabobank.nl">
                Updated Spring Boot version to 2.6.0.
            </action>
        </release>

        <release version="1.2.0-${revision}" date="${release.date}" description="Upgrades">
            <action type="update" date="19-11-2021" dev="Andre.Duursma@rabobank.nl">
                Updated Kotlin version to 1.6.0.
            </action>
            <action type="update" date="19-11-2021" dev="Andre.Duursma@rabobank.nl">
                Updated Spring Boot version to 2.5.7.
            </action>
        </release>

        <release version="1.1.0-${revision}" date="${release.date}" description="Release notes">
            <action type="add" date="18-11-2021" dev="Andre.Duursma@rabobank.nl">
                Added method to SoapConnector class to allow calling a web service with a message extractor.
            </action>
        </release>

        <release version="1.0.0-${revision}" date="${release.date}" description="Release notes">
            <action type="add" date="21-10-2021" dev="Andre.Duursma@rabobank.nl">
                Added a changes.xml file to keep track of our changes.
            </action>
        </release>
    </body>
</document>
