{
  "request": {
    "method": "POST",
    "url": "/verkoop/GetArrangement/2",
    "bodyPatterns": [
      {
        "matchesXPath": "//ns:ArrangementNumber[text() = '123456789']",
        "xPathNamespaces": {
          "ns": "http://www.rabobank.nl/CRM/CRMI/GetArrangement/2/Req"
        }
      }
    ]
  },
  "response": {
    "status": 200,
    "bodyFileName": "arrangements-service/GetArrangement-123456789.xml",
    "headers": {
      "Content-Type": "text/xml"
    }
  }
}




