{
  "id": "51d57c21-30d0-4be3-bcd8-8246700f5fb0",
  "request": {
    "method": "POST",
    "url": "/verkoop/GetArrangementDetailsPaymentAccount/2",
    "bodyPatterns": [
      {
        "matchesXPath": "//ns:ArrangementNumber[text() = '123456789']",
        "xPathNamespaces": {
          "ns": "http://www.rabobank.nl/CRM/CRMI/GetArrangementDetailsPaymentAccount/2/Req"
        }
      }
    ]
  },
  "response": {
    "status": 200,
    "bodyFileName": "arrangements-service/GetArrangementDetailsPaymentAccount-123456789.xml",
    "headers": {
      "Content-Type": "text/xml"
    }
  }
}