{
  "request": {
    "method": "POST",
    "url": "/verkoop/GetArrangementAscriptionDet/1",
    "bodyPatterns": [
      {
        "matchesXPath": "//ns:Arrangement[ns:ArrangementNumber='123456789'][//ns:AdministrationCode='01']",
        "xPathNamespaces": {
          "ns": "http://www.rabobank.nl/CRM/CRMI/GetArrangementAscriptionDet/1/Req"
        }
      }
    ]
  },
  "response": {
    "status": 200,
    "bodyFileName": "arrangements-service/GetArrangementAscriptionDet-123456789.xml",
    "headers": {
      "Content-Type": "text/xml"
    }
  }
}




