{
  "request": {
    "method": "POST",
    "url": "/bbaniban-service/ws",
    "bodyPatterns": [
      {
        "matchesXPath": "//ns:ValueToConvert[text() = '123456789']",
        "xPathNamespaces": {
          "ns": "http://www.rabobank.nl/CRM/CRMI/IBANConversieRaboRekeningNummers/2/Req"
        }
      }
    ]
  },
  "response": {
    "status": 200,
    "bodyFileName": "arrangements-service/IBANConversieRaboRekeningen-123456789.xml",
    "headers": {
      "Content-Type": "text/xml"
    }
  }
}