<document xmlns="http://maven.apache.org/changes/1.0.0"
          xmlns:xsi="http://www.w3.org/2001/XMLSchema-instance"
          xsi:schemaLocation="http://maven.apache.org/changes/1.0.0 http://maven.apache.org/xsd/changes-1.0.0.xsd">
    <properties>
        <title>${project.name}</title>
    </properties>
    <body>
        <release version="1.1.1-${revision}" date="${release.date}" description="Upgrades">
            <action type="update" date="11-10-2022" dev="Andre.Duursma@rabobank.nl">
                Upgraded the Maven Assembly plugin.
            </action>
        </release>

        <release version="1.1.0-${revision}" date="${release.date}" description="Nexus2 to Nexus3 migration">
            <action type="update" date="11-10-2022" dev="Andre.Duursma@rabobank.nl">
                Changed the Nexus2 repository URL's to the Nexus3 counterparts.
            </action>
        </release>

        <release version="1.0.1-${revision}" date="${release.date}" description="Add ignore rules">
            <action date="13-09-2022" dev="Akhil.Jain@rabobank.nl">
                Added ignore rule for guava redhat versions.
            </action>
        </release>

        <release version="1.0.0-${revision}" date="${release.date}" description="Initial setup">
            <action date="15-02-2022" dev="Andre.Duursma@rabobank.nl">
                Work in progress...
            </action>
        </release>
    </body>
</document>
