{
  "request": {
    "method": "GET",
    "urlPathPattern": "/arrangements/search/find-by-relation-and-product-type"
  },
  "response": {
    "status": 200,
    "headers": {
      "Content-Type": "application/json"
    },
    "jsonBody": [
      {
        "arrangementNumber": "080001001",
        "adminCode": "01",
        "ascriptionId": "120049107",
        "status": "ACTIVE",
        "commercialProductTypeCode": "0056",
        "arrangementParties": [],
        "abbCode": "",
        "currencyCode": "EUR",
        "ascription": {
          "ascriptionId": "120049107",
          "raboRelationName": "A. Alpha Een eo Margarit",
          "raboRelationType": "eo",
          "bankCode": "3033",
          "relationIds": [
            "000000111395100"
          ]
        },
        "iban": "NL33RABO0080001001",
        "settlementAccountInUse": false
      },
      {
        "arrangementNumber": "900001104",
        "adminCode": "01",
        "status": "ACTIVE",
        "commercialProductTypeCode": "0056",
        "arrangementParties": [],
        "abbCode": "",
        "ascription": {
          "ascriptionId": "120049100",
          "raboRelationName": "A. Alpha Een",
          "bankCode": "3033",
          "relationIds": [
            "000000111395100"
          ]
        },
        "iban": "NL33RABO0900001104",
        "settlementAccountInUse": false
      },
      {
        "arrangementNumber": "080001002",
        "adminCode": "01",
        "ascriptionId": "120049107",
        "status": "ACTIVE",
        "commercialProductTypeCode": "0056",
        "arrangementParties": [],
        "abbCode": "",
        "currencyCode": "USD",
        "ascription": {
          "ascriptionId": "120049107",
          "raboRelationName": "B. Beta ee Anna",
          "raboRelationType": "ee",
          "bankCode": "3033",
          "relationIds": [
            "000000111395100"
          ]
        },
        "iban": "NL46RABO0643093222",
        "settlementAccountInUse": false
      },
      {
        "arrangementNumber": "080001003",
        "adminCode": "01",
        "ascriptionId": "120049107",
        "status": "ACTIVE",
        "commercialProductTypeCode": "0056",
        "arrangementParties": [],
        "abbCode": "",
        "currencyCode": "GBP",
        "ascription": {
          "ascriptionId": "120049107",
          "raboRelationName": "G. Gamma ee Siebel",
          "raboRelationType": "ee",
          "bankCode": "3033",
          "relationIds": [
            "000000111395100"
          ]
        },
        "iban": "NL46RABO0643093222",
        "settlementAccountInUse": false
      },
      {
        "arrangementNumber": "080001003",
        "adminCode": "01",
        "ascriptionId": "120049107",
        "status": "ACTIVE",
        "commercialProductTypeCode": "0056",
        "arrangementParties": [],
        "abbCode": "",
        "currencyCode": "YEN",
        "ascription": {
          "ascriptionId": "120049108",
          "raboRelationName": "C. Capcha ee Siebel",
          "raboRelationType": "ee",
          "bankCode": "3033",
          "relationIds": [
            "000000111395100"
          ]
        },
        "iban": "NL46RABO0643093222",
        "settlementAccountInUse": false
      }
    ]
  }
}
