{
  "request": {
    "method": "GET",
    "urlPathPattern": "/accounts",
    "queryParameters": {
      "relationId": {
        "matches": "[a-z]*"
      }
    }
  },
  "response": {
    "status": 200,
    "headers": {
      "Content-Type": "application/json"
    },
    "jsonBody": {
      "authorizedAccounts": [
        {
          "iban": "NL13RABO3367466468",
          "currency": "EUR",
          "accountId": "GPZRh7Qc0b6DJbewIm4T5g",
          "productName": "Rabo InternetSparen",
          "accountHolderName": "B.A.R.B.A. Pappa",
          "customProductName": "Savings account with moneyboxes",
          "decimalPlaces": 2,
          "balance": 4999999,
          "balanceTemporarilyNotAvailable": false,
          "status": "ACTIVE",
          "accountType": "SAVINGS",
          "showAccount": true,
          "segment": "RETAIL",
          "actions": {
            "initiatePayment": false,
            "initiateOwnAccountTransfer": true,
            "useAsBeneficiary": true,
            "getTransactions": true,
            "requestPayment": true,
            "createMoneyBox": true
          }
        },
        {
          "iban": "NL48RABO0011223302",
          "currency": "EUR",
          "accountId": "GPZRh7Qc0b6DJbewIm4T6f",
          "productName": "Rabo InternetSparen",
          "accountHolderName": "B.A.R.B.A. Pappa",
          "customProductName": "No moneyboxes and no payment possible",
          "decimalPlaces": 2,
          "balance": 100000001,
          "balanceTemporarilyNotAvailable": false,
          "status": "ACTIVE",
          "accountType": "SAVINGS",
          "showAccount": true,
          "segment": "RETAIL",
          "actions": {
            "initiatePayment": false,
            "initiateOwnAccountTransfer": false,
            "useAsBeneficiary": true,
            "getTransactions": true,
            "requestPayment": false,
            "createMoneyBox": false
          }
        },
        {
          "iban": "NL42RABO0116265051",
          "currency": "EUR",
          "accountId": "FeCbYzxLoXLD1fUbzdxtdg",
          "productName": "Rabo InternetSparen",
          "accountHolderName": "A. MÜLLER",
          "decimalPlaces": 2,
          "balance": 34978.25,
          "balanceTemporarilyNotAvailable": false,
          "status": "ACTIVE",
          "accountType": "SAVINGS",
          "segment": "RETAIL",
          "showAccount": true,
          "actions": {
            "initiatePayment": false,
            "initiateOwnAccountTransfer": true,
            "useAsBeneficiary": true,
            "getTransactions": true,
            "createMoneyBox": true
          },
          "accountActions": {
            "initiatePayment": false,
            "initiateOwnAccountTransfer": true,
            "useAsBeneficiary": true,
            "getTransactions": true
          }
        },
        {
          "iban": "NL48RABO0011223304",
          "currency": "EUR",
          "accountId": "GPZRh7Qc0b6DJbewIm4T5i",
          "productName": "Rabo InternetSparen",
          "accountHolderName": "B.A.R.B.A. Pappa",
          "customProductName": "Cannot create moneyboxes",
          "decimalPlaces": 2,
          "balance": 100000001,
          "balanceTemporarilyNotAvailable": false,
          "status": "ACTIVE",
          "accountType": "SAVINGS",
          "showAccount": true,
          "segment": "RETAIL",
          "actions": {
            "initiatePayment": false,
            "initiateOwnAccountTransfer": true,
            "useAsBeneficiary": true,
            "getTransactions": true,
            "requestPayment": false,
            "createMoneyBox": false
          }
        },
        {
          "iban": "NL48RABO0011223305",
          "currency": "EUR",
          "accountId": "GPZRh7Qc0b6DJbewIm4T5j",
          "productName": "Rabo InternetSparen",
          "accountHolderName": "B.A.R.B.A. Pappa",
          "customProductName": "Disconnected savings account",
          "decimalPlaces": 2,
          "balance": 0.0,
          "balanceTemporarilyNotAvailable": false,
          "status": "LOGICALLY_ENDED",
          "accountType": "SAVINGS",
          "showAccount": true,
          "segment": "RETAIL",
          "actions": {
            "initiatePayment": false,
            "initiateOwnAccountTransfer": true,
            "useAsBeneficiary": true,
            "getTransactions": true,
            "requestPayment": false,
            "createMoneyBox": true
          }
        },
        {
          "iban": "NL48RABO0011223306",
          "currency": "EUR",
          "accountId": "GPZRh7Qc0b6DJbewIm4T5x",
          "productName": "Rabo OpbouwSpaarrekening",
          "accountHolderName": "B.A.R.B.A. Pappa",
          "customProductName": "Rabo OpbouwSpaarrekening",
          "decimalPlaces": 2,
          "balance": 100.0,
          "balanceTemporarilyNotAvailable": false,
          "status": "ACTIVE",
          "accountType": "SAVINGS",
          "showAccount": true,
          "segment": "RETAIL",
          "actions": {
            "initiatePayment": false,
            "initiateOwnAccountTransfer": false,
            "useAsBeneficiary": true,
            "getTransactions": false,
            "requestPayment": false,
            "createMoneyBox": false
          }
        },
        {
          "iban": "NL48RABO0011223307",
          "currency": "EUR",
          "accountId": "GPZRh7Qc0b6DJbewIm4T5y",
          "productName": "Rabo PeriodeSparen 90",
          "accountHolderName": "A.C. Count",
          "customProductName": "Rabo PeriodeSparen 90",
          "decimalPlaces": 2,
          "balance": 12345.0,
          "balanceTemporarilyNotAvailable": false,
          "status": "ACTIVE",
          "accountType": "SAVINGS",
          "showAccount": true,
          "segment": "RETAIL",
          "actions": {
            "initiatePayment": false,
            "initiateOwnAccountTransfer": true,
            "useAsBeneficiary": true,
            "getTransactions": true,
            "requestPayment": true,
            "createMoneyBox": true
          }
        },
        {
          "iban": "NL48RABO0011223308",
          "currency": "EUR",
          "accountId": "GPZRh7Qc0b6DJbewIm4T5z",
          "productName": "Rabo InternetSparen",
          "accountHolderName": "A.C. Count",
          "customProductName": "Rabo InternetSparen",
          "decimalPlaces": 2,
          "balance": 543210.99,
          "balanceTemporarilyNotAvailable": false,
          "status": "ACTIVE",
          "accountType": "SAVINGS",
          "showAccount": true,
          "segment": "RETAIL",
          "actions": {
            "initiatePayment": false,
            "initiateOwnAccountTransfer": true,
            "useAsBeneficiary": true,
            "getTransactions": true,
            "requestPayment": true,
            "createMoneyBox": true
          }
        },
        {
          "iban": "NL48RABO0011223309",
          "currency": "EUR",
          "accountId": "GPZRh7Qc0b6DJbewIm4T5a",
          "productName": "Rabo Doelsparen",
          "accountHolderName": "A.C. Count",
          "customProductName": "Rabo Doelsparen",
          "decimalPlaces": 2,
          "balance": 1.01,
          "balanceTemporarilyNotAvailable": false,
          "status": "ACTIVE",
          "accountType": "SAVINGS",
          "showAccount": true,
          "segment": "RETAIL",
          "actions": {
            "initiatePayment": false,
            "initiateOwnAccountTransfer": true,
            "useAsBeneficiary": true,
            "getTransactions": true,
            "requestPayment": true,
            "createMoneyBox": true
          }
        },
        {
          "iban": "NL48RABO0011223310",
          "currency": "EUR",
          "accountId": "GPZRh7Qc0b6DJbewIm4T5b",
          "productName": "Rabo RegenboogRekening",
          "accountHolderName": "A.C. Count",
          "customProductName": "Rabo RegenboogRekening",
          "decimalPlaces": 2,
          "balance": 67932.38,
          "balanceTemporarilyNotAvailable": false,
          "status": "ACTIVE",
          "accountType": "SAVINGS",
          "showAccount": true,
          "segment": "RETAIL",
          "actions": {
            "initiatePayment": false,
            "initiateOwnAccountTransfer": true,
            "useAsBeneficiary": true,
            "getTransactions": true,
            "requestPayment": true,
            "createMoneyBox": true
          }
        }
      ],
      "actions": {
        "getTransactions": true,
        "customizeName": true
      }
    }
  }
}
