{
  "request": {
    "method": "GET",
    "urlPathPattern": "/payments-savings/accounts"
  },
  "response": {
    "status": 200,
    "headers": {
      "Content-Type": "application/json"
    },
    "jsonBody": {
      "authorizedAccounts": [
        {
          "iban": "NL87RABO1108000001",
          "currency": "EUR",
          "accountId": "-mcWdH15emLLZfRsktoDpQ",
          "productName": "Rabo TotaalRekening",
          "accountHolderName": "B.A.R.B.A. Pappa",
          "customProductName": "Chris Evans",
          "decimalPlaces": 2,
          "balanceTemporarilyNotAvailable": false,
          "status": "ACTIVE",
          "balance": 99499.12,
          "spendingLimit": 88499,
          "accountType": "PAYMENT",
          "showAccount": true,
          "segment": "RETAIL",
          "actions": {
            "initiatePayment": true,
            "initiateOwnAccountTransfer": true,
            "useAsBeneficiary": true,
            "getTransactions": true,
            "requestPayment": true
          }
        },
        {
          "iban": "NL21RABO0012389002",
          "currency": "EUR",
          "accountId": "-mcWdH15emLLZfRsLtoDpB",
          "productName": "Rabo Paycoiq_TEST",
          "accountHolderName": "Payconiq-Test",
          "customProductName": "Custom account name 1",
          "decimalPlaces": 2,
          "balanceTemporarilyNotAvailable": false,
          "status": "ACTIVE",
          "balance": 99499.12,
          "spendingLimit": 88499,
          "accountType": "PAYMENT",
          "showAccount": true,
          "segment": "RETAIL",
          "actions": {
            "initiatePayment": true,
            "initiateOwnAccountTransfer": true,
            "useAsBeneficiary": true,
            "getTransactions": true,
            "requestPayment": true
          }
        },
        {
          "iban": "NL06INGB0007462510",
          "currency": "EUR",
          "accountId": "XxtYAkhoN1xPuTEefuXLZw",
          "productName": "Rabo TotaalRekening",
          "accountHolderName": "B.A.R.B.A. Pappa",
          "decimalPlaces": 2,
          "balanceTemporarilyNotAvailable": false,
          "status": "ACTIVE",
          "balance": 0,
          "accountType": "PAYMENT",
          "showAccount": true,
          "segment": "RETAIL",
          "actions": {
            "initiatePayment": true,
            "initiateOwnAccountTransfer": true,
            "useAsBeneficiary": true,
            "getTransactions": true,
            "requestPayment": true
          }
        },
        {
          "iban": "GB37BARC20038048987481",
          "currency": "GBP",
          "accountId": "4UL9f1Exgo_8iuhMpAIE3w",
          "productName": "Rabo TotaalRekening",
          "accountHolderName": "B.A.R.B.A. Pappa",
          "customProductName": "Account with British Pounds",
          "decimalPlaces": 2,
          "balanceTemporarilyNotAvailable": false,
          "status": "ACTIVE",
          "balance": 9499.12,
          "spendingLimit": 9499,
          "accountType": "PAYMENT",
          "showAccount": true,
          "segment": "RETAIL",
          "actions": {
            "initiatePayment": true,
            "initiateOwnAccountTransfer": true,
            "useAsBeneficiary": true,
            "getTransactions": true,
            "requestPayment": true
          }
        },
        {
          "iban": "NL07RABO8849764685",
          "currency": "GBP",
          "accountId": "-mcWdH15emLLZfRsktoDiY",
          "productName": "Rabo TotaalRekening",
          "accountHolderName": "B.A.R.B.A. Pappa",
          "customProductName": "Testhhh",
          "decimalPlaces": 2,
          "balanceTemporarilyNotAvailable": false,
          "status": "ACTIVE",
          "balance": 9499.12,
          "accountType": "PAYMENT",
          "showAccount": true,
          "segment": "RETAIL",
          "actions": {
            "initiatePayment": true,
            "initiateOwnAccountTransfer": true,
            "useAsBeneficiary": true,
            "getTransactions": true,
            "requestPayment": true
          }
        },
        {
          "iban": "NL07RABO8849764686",
          "currency": "JPY",
          "accountId": "-mcWdH15emLLZfRsktoDiY",
          "productName": "Rabo TotaalRekening",
          "accountHolderName": "B.A.R.B.A. Pappa",
          "customProductName": "Testjjj",
          "decimalPlaces": 2,
          "balanceTemporarilyNotAvailable": false,
          "status": "ACTIVE",
          "balance": 9499.12,
          "accountType": "PAYMENT",
          "showAccount": true,
          "actions": {
            "initiatePayment": true,
            "initiateOwnAccountTransfer": true,
            "useAsBeneficiary": true,
            "getTransactions": true,
            "requestPayment": true
          }
        },
        {
          "iban": "NL32TRIO0379740516",
          "currency": "EUR",
          "accountId": "dbaqS9vsK7RB1r6X2O51Eg",
          "productName": "Rabo TotaalRekening",
          "accountHolderName": "B.A.R.B.A. Pappa",
          "customProductName": "Negative balance",
          "decimalPlaces": 2,
          "balanceTemporarilyNotAvailable": false,
          "status": "ACTIVE",
          "balance": -718.5,
          "accountType": "PAYMENT",
          "showAccount": true,
          "segment": "RETAIL",
          "actions": {
            "initiatePayment": true,
            "initiateOwnAccountTransfer": true,
            "useAsBeneficiary": true,
            "getTransactions": true,
            "requestPayment": true
          }
        },
        {
          "iban": "NL17INGB9846631219",
          "currency": "EUR",
          "accountId": "bA56b0OmKN9BuoyjCNax",
          "productName": "Rabo TotaalRekening",
          "accountHolderName": "Henk de Vries",
          "customProductName": "Three decimals?",
          "decimalPlaces": 3,
          "balanceTemporarilyNotAvailable": false,
          "status": "ACTIVE",
          "balance": 969.125,
          "spendingLimit": 200,
          "accountType": "PAYMENT",
          "showAccount": true,
          "segment": "RETAIL",
          "actions": {
            "initiatePayment": true,
            "initiateOwnAccountTransfer": true,
            "useAsBeneficiary": true,
            "getTransactions": true,
            "requestPayment": true
          }
        },
        {
          "iban": "NL12ABNA5138773127",
          "currency": "EUR",
          "accountId": "gLLa1LRIVkNgHTajqZ0R",
          "productName": "Rabo TotaalRekening",
          "accountHolderName": "B.A.R.B.A. Pappa",
          "customProductName": "No balance for you",
          "decimalPlaces": 2,
          "balanceTemporarilyNotAvailable": true,
          "status": "ACTIVE",
          "accountType": "PAYMENT",
          "showAccount": true,
          "segment": "RETAIL",
          "actions": {
            "initiatePayment": true,
            "initiateOwnAccountTransfer": true,
            "useAsBeneficiary": true,
            "getTransactions": true,
            "requestPayment": true
          }
        },
        {
          "iban": "NL84SUQD4854282185",
          "currency": "JPY",
          "accountId": "TOATwgtoLoqUitArYsn9",
          "productName": "Rabo TotaalRekening",
          "accountHolderName": "B.A.R.B.A. Pappa",
          "customProductName": "Yennifer Lopez",
          "decimalPlaces": 2,
          "balanceTemporarilyNotAvailable": false,
          "status": "ACTIVE",
          "balance": 317,
          "accountType": "PAYMENT",
          "showAccount": true,
          "segment": "RETAIL",
          "actions": {
            "initiatePayment": true,
            "initiateOwnAccountTransfer": true,
            "useAsBeneficiary": true,
            "getTransactions": true,
            "requestPayment": true
          }
        },
        {
          "iban": "NL36ABNA5257015404",
          "currency": "EUR",
          "accountId": "8W5kaqSvkuvybMkA4K85",
          "productName": "Rabo EmojiRekening",
          "accountHolderName": "B.A.R.B.A. Pappa",
          "customProductName": "\uD83E\uDD2A",
          "decimalPlaces": 2,
          "balanceTemporarilyNotAvailable": false,
          "status": "ACTIVE",
          "balance": -42,
          "accountType": "PAYMENT",
          "showAccount": true,
          "segment": "RETAIL",
          "actions": {
            "initiatePayment": true,
            "initiateOwnAccountTransfer": true,
            "useAsBeneficiary": true,
            "getTransactions": true,
            "requestPayment": true
          }
        },
        {
          "iban": "NL36ABNA5257015414",
          "currency": "EUR",
          "accountId": "8W5kaqSvkuvybMkA4K85",
          "customProductName": "Missing fields",
          "balance": 13.37,
          "accountType": "PAYMENT",
          "showAccount": true,
          "segment": "RETAIL",
          "actions": {}
        },
        {
          "iban": "NL13RABO3367466468",
          "currency": "EUR",
          "accountId": "GPZRh7Qc0b6DJbewIm4T5g",
          "productName": "Rabo SpaarRekening",
          "accountHolderName": "B.A.R.B.A. Pappa",
          "customProductName": "Savings account with moneyboxes",
          "decimalPlaces": 2,
          "balance": 4999999,
          "balanceTemporarilyNotAvailable": false,
          "status": "ACTIVE",
          "accountType": "SAVINGS",
          "showAccount": true,
          "segment": "RETAIL",
          "actions": {
            "initiatePayment": false,
            "initiateOwnAccountTransfer": true,
            "useAsBeneficiary": true,
            "getTransactions": true,
            "requestPayment": false,
            "createMoneyBox": true
          },
          "moneyBoxes": [
            {
              "boxNumber": 0,
              "boxName": "Vrij Spaargeld",
              "boxBalance": 250,
              "boxTargetBalance": null,
              "boxTargetEndDate": null,
              "lastUpdated": "2018-09-10 T10:30:47.123456"
            },
            {
              "boxNumber": 1,
              "boxName": "Shopping regular box",
              "boxBalance": 50,
              "boxTargetBalance": 500,
              "boxTargetEndDate": "2022-11-26",
              "avatarId": 14,
              "rfsIconName": "rfs-icon-sparen--type-sparen2",
              "lastUpdated": "2018-09-10 T10:30:47.123456"
            },
            {
              "boxNumber": 2,
              "boxName": "Car NoTargetBalance NoEndDate",
              "boxBalance": 100,
              "avatarId": 2,
              "rfsIconName": "rfs-icon-sparen--type-sparen",
              "lastUpdated": "2018-09-10 T10:30:47.123456"
            },
            {
              "boxNumber": 3,
              "boxName": "Empty box",
              "boxBalance": 0,
              "boxTargetBalance": null,
              "boxTargetEndDate": null,
              "avatarId": 2,
              "rfsIconName": "rfs-icon-algemeen--type-e-learning",
              "lastUpdated": "2018-09-10 T10:30:47.123456"
            },
            {
              "boxNumber": 4,
              "boxName": "GoalReached",
              "boxBalance": 100,
              "boxTargetBalance": 100,
              "boxTargetEndDate": "2022-11-26",
              "avatarId": 5,
              "rfsIconName": "rfs-icon-sparen--type-doelen",
              "lastUpdated": "2019-02-21T09:12:50.877Z"
            }
          ]
        },
        {
          "iban": "NL42RABO0116265051",
          "currency": "EUR",
          "accountId": "FeCbYzxLoXLD1fUbzdxtdg",
          "productName": "Rabo SpaarRekening",
          "accountHolderName": "A. MÜLLER",
          "decimalPlaces": 2,
          "balance": 34978.25,
          "balanceTemporarilyNotAvailable": false,
          "status": "ACTIVE",
          "accountType": "SAVINGS",
          "segment": "RETAIL",
          "showAccount": true,
          "actions": {
            "initiatePayment": false,
            "initiateOwnAccountTransfer": true,
            "useAsBeneficiary": true,
            "getTransactions": true,
            "createMoneyBox": true
          },
          "accountActions": {
            "initiatePayment": false,
            "initiateOwnAccountTransfer": true,
            "useAsBeneficiary": true,
            "getTransactions": true
          },
          "moneyBoxes": [
            {
              "avatarId": 1234567890123456800,
              "boxBalance": 200,
              "boxName": "House",
              "boxNumber": 12345,
              "boxTargetBalance": 200,
              "boxTargetEndDate": "2020-10-07",
              "lastUpdated": "2018-07-12T14:45:54.000Z"
            },
            {
              "avatarId": 1234567890123456800,
              "boxBalance": 20,
              "boxName": "Car",
              "boxNumber": 12346,
              "boxTargetBalance": 200,
              "boxTargetEndDate": "2020-10-07",
              "lastUpdated": "2018-07-12T14:45:54.000Z"
            }
          ]
        },
        {
          "iban": "NL48RABO0011223305",
          "currency": "EUR",
          "accountId": "GPZRh7Qc0b6DJbewIm4T5j",
          "productName": "Rabo SpaarRekening",
          "accountHolderName": "B.A.R.B.A. Pappa",
          "customProductName": "Disconnected savings account",
          "decimalPlaces": 2,
          "balance": 0,
          "balanceTemporarilyNotAvailable": false,
          "status": "LOGICALLY_ENDED",
          "accountType": "SAVINGS",
          "showAccount": true,
          "segment": "RETAIL",
          "actions": {
            "initiatePayment": false,
            "initiateOwnAccountTransfer": true,
            "useAsBeneficiary": true,
            "getTransactions": true,
            "requestPayment": false,
            "createMoneyBox": false
          }
        },
        {
          "iban": "NL48RABO0011223306",
          "currency": "EUR",
          "accountId": "GPZRh7Qc0b6DJbewIm4T5x",
          "productName": "Rabo Doelsparen",
          "accountHolderName": "B.A.R.B.A. Pappa",
          "customProductName": "Rabo Doelsparen",
          "decimalPlaces": 2,
          "balance": 100,
          "balanceTemporarilyNotAvailable": false,
          "status": "ACTIVE",
          "accountType": "SAVINGS",
          "showAccount": true,
          "segment": "RETAIL",
          "actions": {
            "initiatePayment": false,
            "initiateOwnAccountTransfer": false,
            "useAsBeneficiary": true,
            "getTransactions": false,
            "requestPayment": false,
            "createMoneyBox": false
          }
        },
        {
          "iban": "NL48RABO0011223307",
          "currency": "EUR",
          "accountId": "GPZRh7Qc0b6DJbewIm4T5y",
          "productName": "Rabo PeriodeSparen 90",
          "accountHolderName": "A.C. Count",
          "customProductName": "Rabo PeriodeSparen 90",
          "decimalPlaces": 2,
          "balance": 12345,
          "balanceTemporarilyNotAvailable": false,
          "status": "ACTIVE",
          "accountType": "SAVINGS",
          "showAccount": true,
          "segment": "RETAIL",
          "actions": {
            "initiatePayment": false,
            "initiateOwnAccountTransfer": true,
            "useAsBeneficiary": true,
            "getTransactions": true,
            "requestPayment": false,
            "createMoneyBox": false
          }
        },
        {
          "iban": "NL48RABO0011223308",
          "currency": "EUR",
          "accountId": "GPZRh7Qc0b6DJbewIm4T5Z",
          "productName": "Rabo PeriodeSparen 30",
          "accountHolderName": "C.C.S. Count",
          "customProductName": "Rabo PeriodeSparen 30",
          "decimalPlaces": 2,
          "balance": 6450,
          "balanceTemporarilyNotAvailable": false,
          "status": "ACTIVE",
          "accountType": "SAVINGS",
          "showAccount": true,
          "segment": "RETAIL",
          "actions": {
            "initiatePayment": false,
            "initiateOwnAccountTransfer": true,
            "useAsBeneficiary": true,
            "getTransactions": true,
            "requestPayment": false,
            "createMoneyBox": false
          }
        },
        {
          "iban": "NL48RABO0011223309",
          "currency": "EUR",
          "accountId": "GPZRh7Qc0b6DJbewIm4T5A",
          "productName": "Rabo VermogenSparen",
          "accountHolderName": "C.G.C. Count",
          "customProductName": "Rabo VermogenSparen",
          "decimalPlaces": 2,
          "balance": 7450,
          "balanceTemporarilyNotAvailable": false,
          "status": "ACTIVE",
          "accountType": "SAVINGS",
          "showAccount": true,
          "segment": "RETAIL",
          "actions": {
            "initiatePayment": false,
            "initiateOwnAccountTransfer": true,
            "useAsBeneficiary": true,
            "getTransactions": true,
            "requestPayment": false,
            "createMoneyBox": false
          }
        },
        {
          "iban": "NL48RABO0011223319",
          "currency": "EUR",
          "accountId": "GPZRh7Qc0b6DJbewIm4T5B",
          "productName": "Rabo GeneratieSparen",
          "accountHolderName": "G.C.S Count",
          "customProductName": "Rabo GeneratieSparen",
          "decimalPlaces": 2,
          "balance": 8450,
          "balanceTemporarilyNotAvailable": false,
          "status": "ACTIVE",
          "accountType": "SAVINGS",
          "showAccount": true,
          "segment": "RETAIL",
          "actions": {
            "initiatePayment": false,
            "initiateOwnAccountTransfer": true,
            "useAsBeneficiary": true,
            "getTransactions": true,
            "requestPayment": false,
            "createMoneyBox": false
          }
        },
        {
          "iban": "NL48RABO0011223320",
          "currency": "EUR",
          "accountId": "GPZRh7Qc0b6DJbewIm4T5C",
          "productName": "Rabo DoelReserveren",
          "accountHolderName": "K.C.S Count",
          "customProductName": "Rabo DoelReserveren",
          "decimalPlaces": 2,
          "balance": 8450,
          "balanceTemporarilyNotAvailable": false,
          "status": "ACTIVE",
          "accountType": "SAVINGS",
          "showAccount": true,
          "segment": "BUSINESS",
          "actions": {
            "initiatePayment": false,
            "initiateOwnAccountTransfer": true,
            "useAsBeneficiary": true,
            "getTransactions": true,
            "requestPayment": false,
            "createMoneyBox": false
          }
        },
        {
          "iban": "NL48RABO0011223321",
          "currency": "EUR",
          "accountId": "GPZRh7Qc0b6DJbewIm4T5D",
          "productName": "Rabo BedrijfsBonusRek.",
          "accountHolderName": "A.C.S Count",
          "customProductName": "Rabo BedrijfsBonusRek.",
          "decimalPlaces": 2,
          "balance": 8450,
          "balanceTemporarilyNotAvailable": false,
          "status": "ACTIVE",
          "accountType": "SAVINGS",
          "showAccount": true,
          "segment": "BUSINESS",
          "actions": {
            "initiatePayment": false,
            "initiateOwnAccountTransfer": true,
            "useAsBeneficiary": true,
            "getTransactions": true,
            "requestPayment": false,
            "createMoneyBox": false
          }
        },
        {
          "iban": "NL48RABO0011223322",
          "currency": "EUR",
          "accountId": "GPZRh7Qc0b6DJbewIm4T5E",
          "productName": "Rabo VermogenSparen",
          "accountHolderName": "A.C.S Count",
          "customProductName": "Rabo VermogenSparen",
          "decimalPlaces": 2,
          "balance": 8450,
          "balanceTemporarilyNotAvailable": false,
          "status": "ACTIVE",
          "accountType": "SAVINGS",
          "showAccount": true,
          "segment": "BUSINESS",
          "actions": {
            "initiatePayment": false,
            "initiateOwnAccountTransfer": true,
            "useAsBeneficiary": true,
            "getTransactions": true,
            "requestPayment": false,
            "createMoneyBox": false
          }
        },
        {
          "iban": "NL48RABO0011223308",
          "currency": "EUR",
          "accountId": "GPZRh7Qc0b6DJbewIm4T5z",
          "productName": "Rabo SpaarRekening",
          "accountHolderName": "A.C. Count",
          "customProductName": "Rabo SpaarRekening",
          "decimalPlaces": 2,
          "balance": 543210.99,
          "balanceTemporarilyNotAvailable": false,
          "status": "ACTIVE",
          "accountType": "SAVINGS",
          "showAccount": true,
          "segment": "RETAIL",
          "actions": {
            "initiatePayment": true,
            "initiateOwnAccountTransfer": true,
            "useAsBeneficiary": true,
            "getTransactions": true,
            "requestPayment": false,
            "createMoneyBox": true
          },
          "moneyBoxes": [
            {
              "boxNumber": 0,
              "boxName": "Vrij Spaargeld",
              "boxBalance": 250,
              "boxTargetBalance": null,
              "boxTargetEndDate": null,
              "lastUpdated": "2018-09-10 T10:30:47.123456"
            },
            {
              "boxNumber": 1,
              "boxName": "Shopping regular box",
              "boxBalance": 50,
              "avatarId": 14,
              "rfsIconName": "rfs-icon-sparen--type-sparen2",
              "lastUpdated": "2018-09-10 T10:30:47.123456"
            },
            {
              "boxNumber": 2,
              "boxName": "Car NoTargetBalance NoEndDate",
              "boxBalance": 100,
              "avatarId": 2,
              "rfsIconName": "rfs-icon-sparen--type-sparen",
              "lastUpdateTs": "2018-09-10 T10:30:47.123456"
            },
            {
              "boxNumber": 3,
              "boxName": "Empty box",
              "boxBalance": 0,
              "boxTargetBalance": null,
              "boxTargetEndDate": null,
              "avatarId": 2,
              "rfsIconName": "rfs-icon-algemeen--type-e-learning",
              "lastUpdated": "2018-09-10 T10:30:47.123456"
            },
            {
              "boxNumber": 4,
              "boxName": "GoalReached",
              "boxBalance": 100,
              "boxTargetBalance": 100,
              "boxTargetEndDate": "2022-11-26",
              "avatarId": 5,
              "rfsIconName": "rfs-icon-sparen--type-doelen",
              "lastUpdated": "2019-02-21T09:12:50.877Z"
            }
          ]
        },
        {
          "iban": "NL48RABO0011223309",
          "currency": "EUR",
          "accountId": "GPZRh7Qc0b6DJbewIm4T5a",
          "productName": "Rabo SpaarRekening",
          "accountHolderName": "A.C. Count",
          "customProductName": "Rabo SpaarRekening",
          "decimalPlaces": 2,
          "balance": 1.01,
          "balanceTemporarilyNotAvailable": false,
          "status": "ACTIVE",
          "accountType": "SAVINGS",
          "showAccount": true,
          "segment": "RETAIL",
          "actions": {
            "initiatePayment": false,
            "initiateOwnAccountTransfer": true,
            "useAsBeneficiary": true,
            "getTransactions": true,
            "requestPayment": false,
            "createMoneyBox": false
          }
        },
        {
          "iban": "NL48RABO0011224409",
          "currency": "EUR",
          "accountId": "GPZRh7Qc0b6DJbewIm4T5b",
          "productName": "Rabo GroenSparen",
          "accountHolderName": "A.C. Count",
          "customProductName": "Rabo GroenSparen",
          "decimalPlaces": 2,
          "balance": 1.01,
          "balanceTemporarilyNotAvailable": false,
          "status": "ACTIVE",
          "accountType": "SAVINGS",
          "showAccount": true,
          "segment": "RETAIL",
          "actions": {
            "initiatePayment": false,
            "initiateOwnAccountTransfer": true,
            "useAsBeneficiary": true,
            "getTransactions": true,
            "requestPayment": false,
            "createMoneyBox": false
          }
        },
        {
          "iban": "NL48RABO0011223310",
          "currency": "EUR",
          "accountId": "GPZRh7Qc0b6DJbewIm4T5b",
          "productName": "Rabo RegenboogRekening",
          "accountHolderName": "A.C. Count",
          "customProductName": "Rabo RegenboogRekening",
          "decimalPlaces": 2,
          "balance": 67932.38,
          "balanceTemporarilyNotAvailable": false,
          "status": "ACTIVE",
          "accountType": "SAVINGS",
          "showAccount": true,
          "segment": "RETAIL",
          "actions": {
            "initiatePayment": false,
            "initiateOwnAccountTransfer": true,
            "useAsBeneficiary": true,
            "getTransactions": true,
            "requestPayment": false,
            "createMoneyBox": false
          }
        },
        {
          "iban": "NL22RABO0149664257",
          "currency": "EUR",
          "accountId": "h0Ayc4Wvl2LH462nnFWfJw",
          "productName": "Rabo Beleggersrekening",
          "accountHolderName": "R.N. RNE TEST KLANTENADM.",
          "decimalPlaces": 2,
          "balance": 21.99,
          "balanceTemporarilyNotAvailable": false,
          "status": "ACTIVE",
          "accountType": "INVESTMENTS",
          "showAccount": true,
          "segment": "RETAIL",
          "actions": {
            "initiatePayment": true,
            "initiateOwnAccountTransfer": true,
            "useAsBeneficiary": true,
            "getTransactions": true,
            "requestPayment": true,
            "createMoneyBox": false
          }
        },
        {
          "iban": "NL10RABO0172766672",
          "currency": "EUR",
          "accountId": "Xr30Qpox-okzDWn-aucL8g",
          "productName": "Rabo Beleggersrekening",
          "accountHolderName": "R.N. RNE TEST KLANTENADM.",
          "decimalPlaces": 2,
          "balance": 24.35,
          "balanceTemporarilyNotAvailable": false,
          "status": "ACTIVE",
          "accountType": "INVESTMENTS",
          "showAccount": true,
          "segment": "RETAIL",
          "actions": {
            "initiatePayment": false,
            "initiateOwnAccountTransfer": false,
            "useAsBeneficiary": true,
            "getTransactions": true,
            "requestPayment": false,
            "createMoneyBox": false
          }
        },
        {
          "iban": "NL87RABO0149665512",
          "currency": "EUR",
          "accountId": "2VfLSoS3rz7Fps7QF_dEZw",
          "productName": "Rabo Beleggersrekening",
          "accountHolderName": "FB OPERATIONS BELEGGEN",
          "decimalPlaces": 2,
          "balance": 0,
          "balanceTemporarilyNotAvailable": false,
          "status": "ACTIVE",
          "accountType": "INVESTMENTS",
          "showAccount": true,
          "segment": "RETAIL",
          "actions": {
            "initiatePayment": true,
            "initiateOwnAccountTransfer": true,
            "useAsBeneficiary": true,
            "getTransactions": true,
            "requestPayment": false,
            "createMoneyBox": false
          }
        },
        {
          "iban": "NL41RABO0104573562",
          "currency": "EUR",
          "accountId": "FohsqWxk8b727oLNBAnv9g",
          "productName": "Rabo DirectRekening",
          "accountHolderName": "Bruce Wayne",
          "customProductName": "Rabo zakelijke rekening",
          "decimalPlaces": 2,
          "balance": 939399.06,
          "balanceTemporarilyNotAvailable": false,
          "spendingLimit": 430285.06,
          "status": "ACTIVE",
          "accountType": "PAYMENT",
          "showAccount": true,
          "segment": "BUSINESS",
          "externalBank": true,
          "actions": {
            "initiatePayment": true,
            "initiateOwnAccountTransfer": true,
            "useAsBeneficiary": true,
            "getTransactions": true
          },
          "accountActions": {
            "initiatePayment": true,
            "initiateOwnAccountTransfer": true,
            "useAsBeneficiary": true,
            "getTransactions": true
          }
        }
      ],
      "actions": {
        "getTransactions": true,
        "customizeName": true
      }
    }
  }
}
