{
  "mappings": [
    {
      "priority": 1,
      "request": {
        "urlPathPattern": "/commands",
        "bodyPatterns": [
          {
            "contains": "\"flow\":\"NEW\""
          },
          {
            "contains": "\"targetProductCode\":\"RBBB\""
          },
          {
            "contains": "\"type\":\"INITIALIZE\""
          }
        ],
        "method": "POST"
      },
      "response": {
        "transformers": ["response-template"],
        "headers": {
          "content-type": "application/json"
        },
        "status": 200,
        "jsonBody": {
          "id": "1234",
          "flow": "NEW",
          "type": "INITIALIZE",
          "status": "RUNNING"
        },
        "fixedDelayMilliseconds": 100
      },
      "metadata": {
        "excludeInSensesCI": true
      }
    }
  ]
}
