{
  "mappings": [
    {
      "scenarioName": "initialize-command-scenario",
      "requiredScenarioState": "Started",
      "newScenarioState": "SecondRequest",
      "priority": 1,
      "request": {
        "method": "GET",
        "urlPathPattern": "/commands/1244"
      },
      "response": {
        "status": 200,
        "headers": {
          "content-type": "application/json"
        },
        "jsonBody": {
          "id": "1244",
          "type": "INITIALIZE",
          "status": "RUNNING"
        },
        "fixedDelayMilliseconds": 3000
      },
      "metadata": {
        "excludeInSensesCI": true
      }
    },
    {
      "scenarioName": "initialize-command-scenario",
      "requiredScenarioState": "SecondRequest",
      "newScenarioState": "ThirdRequest",
      "priority": 2,
      "request": {
        "method": "GET",
        "urlPathPattern": "/commands/1244"
      },
      "response": {
        "status": 200,
        "headers": {
          "content-type": "application/json"
        },
        "jsonBody": {
          "id": "1244",
          "type": "INITIALIZE",
          "status": "RUNNING"
        },
        "fixedDelayMilliseconds": 500
      },
      "metadata": {
        "excludeInSensesCI": true
      }
    },
    {
      "scenarioName": "initialize-command-scenario",
      "requiredScenarioState": "ThirdRequest",
      "newScenarioState": "Started",
      "priority": 3,
      "request": {
        "method": "GET",
        "urlPathPattern": "/commands/1244"
      },
      "response": {
        "status": 200,
        "headers": {
          "content-type": "application/json"
        },
        "jsonBody": {
          "id": "1244",
          "offerId": "910",
          "type": "INITIALIZE",
          "status": "SUCCESS",
          "resultCode": "S_OFFER_CREATED"
        },
        "fixedDelayMilliseconds": 1500
      },
      "metadata": {
        "excludeInSensesCI": true
      }
    }
  ]
}
