{
  "request": {
    "method": "GET",
    "urlPathPattern": "/discounts",
    "queryParameters": {
      "investment_arrangement_number": {
        "matches": "[0-9]*"
      }
    }
  },
  "response": {
    "status": 200,
    "headers": {
      "Content-Type": "application/json"
    },
    "jsonBody": [
      {
        "id": "80001001",
        "status": "ACTIVE",
        "validationResult": "VALID",
        "discounts": [
          {
            "sequenceNumber": 1,
            "type": "PORTFOLIO_FEE",
            "description": "Basisdienstverlening",
            "mustBe0or100": false,
            "details": [
              {
                "percentage": 20.000,
                "startDate": "2020-04-16"
              }
            ]
          },
          {
            "sequenceNumber": 7,
            "type": "SERVICE_CONCEPT_SERVICE_FEE",
            "description": "Extra diensten",
            "mustBe0or100": false,
            "details": []
          },
          {
            "sequenceNumber": 8,
            "type": "TRANSFER_FEE",
            "description": "Overboekingsprovisie",
            "mustBe0or100": false,
            "details": [
              {
                "percentage": 100.000,
                "startDate": "2020-04-16",
                "endDate": "2021-09-01"
              }
            ]
          },
          {
            "sequenceNumber": 9,
            "type": "PORTFOLIO_MANAGEMENT",
            "description": "Portefeuillebeheer",
            "mustBe0or100": false,
            "details": [
              {
                "percentage": 10.000,
                "startDate": "2020-04-16",
                "endDate": "2021-09-01"
              }
            ]
          }
        ]
      }
    ]
  }
}
