{
    "request": {
        "method": "GET",
        "urlPathPattern": "/chance-reach-goal/2",
        "queryParameters" : {
            "initialDepositAmount": {
                "matches": "[0-9]*"
            },
            "recurringDepositAmount" : {
                "matches": "[0-9]*"
            },
            "iterationPeriodInMonths" : {
                "matches": "[0-9]*"
            },
            "riskProfileCode" : {
                "equalTo" : "DF"
            },
            "portfolioPreference" : {
                "matches" : "[A-Z]*"
            },
            "startDate" : {
                "matches" : "[12]\\d{3}-(0[1-9]|1[0-2])-(0[1-9]|[12]\\d|3[01])"
            },
            "endDate" : {
                "matches" : "[12]\\d{3}-(0[1-9]|1[0-2])-(0[1-9]|[12]\\d|3[01])"
            }
        }
    },
    "response": {
        "status": 200,
        "headers": {
            "Content-Type": "application/x.crg.api+json;version=2"
        },
        "bodyFileName": "chance-reach-goal/crg-df.json"
    }
}
