{
  "request": {
    "method": "POST",
    "urlPathPattern": "/calculationserviceinvestments/v2/chancereachgoalincome",
    "bodyPatterns": [{
      "contains": "\"TargetRiskProfile\":\"DF\",\"Target\":{\"Income\":{\"Amount\""
    }]
  },
  "response": {
    "status": 200,
    "headers": {
      "Content-Type": "application/json"
    },
    "jsonBody": {
        "GoalReachability": {
          "ChanceReachGoal": 0.0,
          "LowerLimitUnderrun": false,
          "UpperLimitOverrun": false
        },
        "ResultsOverTime": [
          {
            "PeriodInYears": "End",
            "TotalDepositAmount": 6000.0,
            "RiskAtEnd": 91000.00,
            "ExpectedResults": [
              {
                "Name": "LOWEST",
                "Percentile": 95.00,
                "ExpectedCapital": 0.0,
                "NetReturnRate": 0.0,
                "TotalNetReturnRate": 0.0,
                "NetReturnAmount": 0.0,
                "GrossReturnRate": -100.0,
                "TotalGrossReturnRate": -100.0,
                "GrossReturnAmount": 113628.0,
                "IsUseForAdvice": false
              },
              {
                "Name": "LOW",
                "Percentile": 70.00,
                "ExpectedCapital": 0.0,
                "NetReturnRate": 0.0,
                "TotalNetReturnRate": 0.0,
                "NetReturnAmount": 0.0,
                "GrossReturnRate": -100.0,
                "TotalGrossReturnRate": -100.0,
                "GrossReturnAmount": 104433.0,
                "IsUseForAdvice": false
              },
              {
                "Name": "MIDDLE",
                "Percentile": 50.00,
                "ExpectedCapital": 0.0,
                "NetReturnRate": 0.0,
                "TotalNetReturnRate": 0.0,
                "NetReturnAmount": 0.0,
                "GrossReturnRate": -100.0,
                "TotalGrossReturnRate": -100.0,
                "GrossReturnAmount": 100457.0,
                "IsUseForAdvice": true
              },
              {
                "Name": "HIGH",
                "Percentile": 30.00,
                "ExpectedCapital": 0.0,
                "NetReturnRate": 0.0,
                "TotalNetReturnRate": 0.0,
                "NetReturnAmount": 0.0,
                "GrossReturnRate": -100.0,
                "TotalGrossReturnRate": -100.0,
                "GrossReturnAmount": 96787.0,
                "IsUseForAdvice": false
              },
              {
                "Name": "HIGHEST",
                "Percentile": 5.00,
                "ExpectedCapital": 0.0,
                "NetReturnRate": 0.0,
                "TotalNetReturnRate": 0.0,
                "NetReturnAmount": 0.0,
                "GrossReturnRate": -100.0,
                "TotalGrossReturnRate": -100.0,
                "GrossReturnAmount": 89521.0,
                "IsUseForAdvice": false
              },
              {
                "Name": "DEPOSITS",
                "Percentile": null,
                "ExpectedCapital": 0.0,
                "NetReturnRate": null,
                "TotalNetReturnRate": null,
                "NetReturnAmount": null,
                "GrossReturnRate": null,
                "TotalGrossReturnRate": null,
                "GrossReturnAmount": null,
                "IsUseForAdvice": false
              }
            ],
            "Costs": [
              {
                "TypeOfCosts": "Rabo",
                "CostsAmount": 0.00,
                "CostsRate": 0.0,
                "TotalCostsRate": 0.0
              },
              {
                "TypeOfCosts": "External",
                "CostsAmount": 0.00,
                "CostsRate": 0.0,
                "TotalCostsRate": 0.0
              },
              {
                "TypeOfCosts": "Total",
                "CostsAmount": 0.00,
                "CostsRate": 0.0,
                "TotalCostsRate": 0.0
              }
            ]
          },
          {
            "PeriodInYears": "1",
            "TotalDepositAmount": 1500.0,
            "RiskAtEnd": 0.00,
            "ExpectedResults": [
              {
                "Name": "LOWEST",
                "Percentile": 95.00,
                "ExpectedCapital": 0.0,
                "NetReturnRate": 0.0,
                "TotalNetReturnRate": 0.0,
                "NetReturnAmount": 0.0,
                "GrossReturnRate": 0.0,
                "TotalGrossReturnRate": 0.0,
                "GrossReturnAmount": 0.0,
                "IsUseForAdvice": false
              },
              {
                "Name": "LOW",
                "Percentile": 70.00,
                "ExpectedCapital": 0.0,
                "NetReturnRate": 0.0,
                "TotalNetReturnRate": 0.0,
                "NetReturnAmount": 0.0,
                "GrossReturnRate": 0.0,
                "TotalGrossReturnRate": 0.0,
                "GrossReturnAmount": 0.0,
                "IsUseForAdvice": false
              },
              {
                "Name": "MIDDLE",
                "Percentile": 50.00,
                "ExpectedCapital": 0.0,
                "NetReturnRate": 0.0,
                "TotalNetReturnRate": 0.0,
                "NetReturnAmount": 0.0,
                "GrossReturnRate": 0.0,
                "TotalGrossReturnRate": 0.0,
                "GrossReturnAmount": 0.0,
                "IsUseForAdvice": true
              },
              {
                "Name": "HIGH",
                "Percentile": 30.00,
                "ExpectedCapital": 0.0,
                "NetReturnRate": 0.0,
                "TotalNetReturnRate": 0.0,
                "NetReturnAmount": 0.0,
                "GrossReturnRate": 0.0,
                "TotalGrossReturnRate": 0.0,
                "GrossReturnAmount": 0.0,
                "IsUseForAdvice": false
              },
              {
                "Name": "HIGHEST",
                "Percentile": 5.00,
                "ExpectedCapital": 0.0,
                "NetReturnRate": 0.0,
                "TotalNetReturnRate": 0.0,
                "NetReturnAmount": 0.0,
                "GrossReturnRate": 0.0,
                "TotalGrossReturnRate": 0.0,
                "GrossReturnAmount": 0.0,
                "IsUseForAdvice": false
              },
              {
                "Name": "DEPOSITS",
                "Percentile": null,
                "ExpectedCapital": 0.0,
                "NetReturnRate": null,
                "TotalNetReturnRate": null,
                "NetReturnAmount": null,
                "GrossReturnRate": null,
                "TotalGrossReturnRate": null,
                "GrossReturnAmount": null,
                "IsUseForAdvice": false
              }
            ],
            "Costs": [
              {
                "TypeOfCosts": "Rabo",
                "CostsAmount": 0.00,
                "CostsRate": 0.0,
                "TotalCostsRate": 0.0
              },
              {
                "TypeOfCosts": "External",
                "CostsAmount": 0.00,
                "CostsRate": 0.0,
                "TotalCostsRate": 0.0
              },
              {
                "TypeOfCosts": "Total",
                "CostsAmount": 0.00,
                "CostsRate": 0.0,
                "TotalCostsRate": 0.0
              }
            ]
          },
          {
            "PeriodInYears": "3",
            "TotalDepositAmount": 0.0,
            "RiskAtEnd": 0.00,
            "ExpectedResults": [
              {
                "Name": "LOWEST",
                "Percentile": 95.00,
                "ExpectedCapital": 0.0,
                "NetReturnRate": 0.0,
                "TotalNetReturnRate": 0.0,
                "NetReturnAmount": 0.0,
                "GrossReturnRate": 0.0,
                "TotalGrossReturnRate": 0.0,
                "GrossReturnAmount": 0.0,
                "IsUseForAdvice": false
              },
              {
                "Name": "LOW",
                "Percentile": 70.00,
                "ExpectedCapital": 0.0,
                "NetReturnRate": 0.0,
                "TotalNetReturnRate": 0.0,
                "NetReturnAmount": 0.0,
                "GrossReturnRate": 0.0,
                "TotalGrossReturnRate": 0.0,
                "GrossReturnAmount": 0.0,
                "IsUseForAdvice": false
              },
              {
                "Name": "MIDDLE",
                "Percentile": 50.00,
                "ExpectedCapital": 0.0,
                "NetReturnRate": 0.0,
                "TotalNetReturnRate": 0.0,
                "NetReturnAmount": 0.0,
                "GrossReturnRate": 0.0,
                "TotalGrossReturnRate": 0.0,
                "GrossReturnAmount": 0.0,
                "IsUseForAdvice": true
              },
              {
                "Name": "HIGH",
                "Percentile": 30.00,
                "ExpectedCapital": 0.0,
                "NetReturnRate": 0.0,
                "TotalNetReturnRate": 0.0,
                "NetReturnAmount": 0.0,
                "GrossReturnRate": 0.0,
                "TotalGrossReturnRate": 0.0,
                "GrossReturnAmount": 0.0,
                "IsUseForAdvice": false
              },
              {
                "Name": "HIGHEST",
                "Percentile": 5.00,
                "ExpectedCapital": 0.0,
                "NetReturnRate": 0.0,
                "TotalNetReturnRate": 0.0,
                "NetReturnAmount": 0.0,
                "GrossReturnRate": 0.0,
                "TotalGrossReturnRate": 0.0,
                "GrossReturnAmount": 0.0,
                "IsUseForAdvice": false
              },
              {
                "Name": "DEPOSITS",
                "Percentile": null,
                "ExpectedCapital": 0.0,
                "NetReturnRate": null,
                "TotalNetReturnRate": null,
                "NetReturnAmount": null,
                "GrossReturnRate": null,
                "TotalGrossReturnRate": null,
                "GrossReturnAmount": null,
                "IsUseForAdvice": false
              }
            ],
            "Costs": [
              {
                "TypeOfCosts": "Rabo",
                "CostsAmount": 0.00,
                "CostsRate": 0.0,
                "TotalCostsRate": 0.0
              },
              {
                "TypeOfCosts": "External",
                "CostsAmount": 0.00,
                "CostsRate": 0.0,
                "TotalCostsRate": 0.0
              },
              {
                "TypeOfCosts": "Total",
                "CostsAmount": 0.00,
                "CostsRate": 0.0,
                "TotalCostsRate": 0.0
              }
            ]
          },
          {
            "PeriodInYears": "5",
            "TotalDepositAmount": 0.0,
            "RiskAtEnd": 0.00,
            "ExpectedResults": [
              {
                "Name": "LOWEST",
                "Percentile": 95.00,
                "ExpectedCapital": 0.0,
                "NetReturnRate": 0.0,
                "TotalNetReturnRate": 0.0,
                "NetReturnAmount": 0.0,
                "GrossReturnRate": 0.0,
                "TotalGrossReturnRate": 0.0,
                "GrossReturnAmount": 0.0,
                "IsUseForAdvice": false
              },
              {
                "Name": "LOW",
                "Percentile": 70.00,
                "ExpectedCapital": 0.0,
                "NetReturnRate": 0.0,
                "TotalNetReturnRate": 0.0,
                "NetReturnAmount": 0.0,
                "GrossReturnRate": 0.0,
                "TotalGrossReturnRate": 0.0,
                "GrossReturnAmount": 0.0,
                "IsUseForAdvice": false
              },
              {
                "Name": "MIDDLE",
                "Percentile": 50.00,
                "ExpectedCapital": 0.0,
                "NetReturnRate": 0.0,
                "TotalNetReturnRate": 0.0,
                "NetReturnAmount": 0.0,
                "GrossReturnRate": 0.0,
                "TotalGrossReturnRate": 0.0,
                "GrossReturnAmount": 0.0,
                "IsUseForAdvice": true
              },
              {
                "Name": "HIGH",
                "Percentile": 30.00,
                "ExpectedCapital": 0.0,
                "NetReturnRate": 0.0,
                "TotalNetReturnRate": 0.0,
                "NetReturnAmount": 0.0,
                "GrossReturnRate": 0.0,
                "TotalGrossReturnRate": 0.0,
                "GrossReturnAmount": 0.0,
                "IsUseForAdvice": false
              },
              {
                "Name": "HIGHEST",
                "Percentile": 5.00,
                "ExpectedCapital": 0.0,
                "NetReturnRate": 0.0,
                "TotalNetReturnRate": 0.0,
                "NetReturnAmount": 0.0,
                "GrossReturnRate": 0.0,
                "TotalGrossReturnRate": 0.0,
                "GrossReturnAmount": 0.0,
                "IsUseForAdvice": false
              },
              {
                "Name": "DEPOSITS",
                "Percentile": null,
                "ExpectedCapital": 0.0,
                "NetReturnRate": null,
                "TotalNetReturnRate": null,
                "NetReturnAmount": null,
                "GrossReturnRate": null,
                "TotalGrossReturnRate": null,
                "GrossReturnAmount": null,
                "IsUseForAdvice": false
              }
            ],
            "Costs": [
              {
                "TypeOfCosts": "Rabo",
                "CostsAmount": 0.00,
                "CostsRate": 0.0,
                "TotalCostsRate": 0.0
              },
              {
                "TypeOfCosts": "External",
                "CostsAmount": 0.00,
                "CostsRate": 0.0,
                "TotalCostsRate": 0.0
              },
              {
                "TypeOfCosts": "Total",
                "CostsAmount": 0.00,
                "CostsRate": 0.0,
                "TotalCostsRate": 0.0
              }
            ]
          }
        ],
        "OneYearDownwardRisk": -10.0,
        "OneYearDownwardRiskAmount": 0.0,
        "AssetMix": [
          {
            "AssetClassPercentage": 38.0,
            "AssetClassName": "Aandelen"
          },
          {
            "AssetClassPercentage": 0.0,
            "AssetClassName": "Alternatieven"
          },
          {
            "AssetClassPercentage": 0.0,
            "AssetClassName": "Liquiditeiten"
          },
          {
            "AssetClassPercentage": 62.0,
            "AssetClassName": "Obligaties"
          }
        ],
        "GraphData": {
          "GraphDates": [
            "2021-09-01T00:00:00",
            "2021-10-01T00:00:00",
            "2021-11-01T00:00:00",
            "2021-12-01T00:00:00",
            "2022-01-01T00:00:00",
            "2022-02-01T00:00:00",
            "2022-03-01T00:00:00",
            "2022-04-01T00:00:00",
            "2022-05-01T00:00:00",
            "2022-06-01T00:00:00",
            "2022-07-01T00:00:00",
            "2022-08-01T00:00:00",
            "2022-09-01T00:00:00",
            "2022-10-01T00:00:00",
            "2022-11-01T00:00:00",
            "2022-12-01T00:00:00",
            "2023-01-01T00:00:00",
            "2023-02-01T00:00:00",
            "2023-03-01T00:00:00",
            "2023-04-01T00:00:00",
            "2023-05-01T00:00:00",
            "2023-06-01T00:00:00",
            "2023-07-01T00:00:00",
            "2023-08-01T00:00:00",
            "2023-09-01T00:00:00",
            "2023-10-01T00:00:00",
            "2023-11-01T00:00:00",
            "2023-12-01T00:00:00",
            "2024-01-01T00:00:00",
            "2024-02-01T00:00:00",
            "2024-03-01T00:00:00",
            "2024-04-01T00:00:00",
            "2024-05-01T00:00:00",
            "2024-06-01T00:00:00",
            "2024-07-01T00:00:00",
            "2024-08-01T00:00:00",
            "2024-09-01T00:00:00",
            "2024-10-01T00:00:00",
            "2024-11-01T00:00:00",
            "2024-12-01T00:00:00",
            "2025-01-01T00:00:00",
            "2025-02-01T00:00:00",
            "2025-03-01T00:00:00",
            "2025-04-01T00:00:00",
            "2025-05-01T00:00:00",
            "2025-06-01T00:00:00",
            "2025-07-01T00:00:00",
            "2025-08-01T00:00:00",
            "2025-09-01T00:00:00",
            "2025-10-01T00:00:00",
            "2025-11-01T00:00:00",
            "2025-12-01T00:00:00",
            "2026-01-01T00:00:00",
            "2026-02-01T00:00:00",
            "2026-03-01T00:00:00",
            "2026-04-01T00:00:00",
            "2026-05-01T00:00:00",
            "2026-06-01T00:00:00",
            "2026-07-01T00:00:00",
            "2026-08-01T00:00:00",
            "2026-09-01T00:00:00",
            "2026-10-01T00:00:00",
            "2026-11-01T00:00:00",
            "2026-12-01T00:00:00",
            "2027-01-01T00:00:00",
            "2027-02-01T00:00:00",
            "2027-03-01T00:00:00",
            "2027-04-01T00:00:00",
            "2027-05-01T00:00:00",
            "2027-06-01T00:00:00",
            "2027-07-01T00:00:00",
            "2027-08-01T00:00:00",
            "2027-09-01T00:00:00",
            "2027-10-01T00:00:00",
            "2027-11-01T00:00:00",
            "2027-12-01T00:00:00",
            "2028-01-01T00:00:00",
            "2028-02-01T00:00:00",
            "2028-03-01T00:00:00",
            "2028-04-01T00:00:00",
            "2028-05-01T00:00:00",
            "2028-06-01T00:00:00",
            "2028-07-01T00:00:00",
            "2028-08-01T00:00:00",
            "2028-09-01T00:00:00",
            "2028-10-01T00:00:00",
            "2028-11-01T00:00:00",
            "2028-12-01T00:00:00",
            "2029-01-01T00:00:00",
            "2029-02-01T00:00:00",
            "2029-03-01T00:00:00",
            "2029-04-01T00:00:00",
            "2029-05-01T00:00:00",
            "2029-06-01T00:00:00",
            "2029-07-01T00:00:00",
            "2029-08-01T00:00:00",
            "2029-09-01T00:00:00",
            "2029-10-01T00:00:00",
            "2029-11-01T00:00:00",
            "2029-12-01T00:00:00",
            "2030-01-01T00:00:00",
            "2030-02-01T00:00:00",
            "2030-03-01T00:00:00",
            "2030-04-01T00:00:00",
            "2030-05-01T00:00:00",
            "2030-06-01T00:00:00",
            "2030-07-01T00:00:00",
            "2030-08-01T00:00:00",
            "2030-09-01T00:00:00",
            "2030-10-01T00:00:00",
            "2030-11-01T00:00:00",
            "2030-12-01T00:00:00",
            "2031-01-01T00:00:00",
            "2031-02-01T00:00:00",
            "2031-03-01T00:00:00",
            "2031-04-01T00:00:00",
            "2031-05-01T00:00:00",
            "2031-06-01T00:00:00",
            "2031-07-01T00:00:00",
            "2031-08-01T00:00:00",
            "2031-09-01T00:00:00",
            "2031-10-01T00:00:00",
            "2031-11-01T00:00:00",
            "2031-12-01T00:00:00",
            "2032-01-01T00:00:00",
            "2032-02-01T00:00:00",
            "2032-03-01T00:00:00",
            "2032-04-01T00:00:00",
            "2032-05-01T00:00:00",
            "2032-06-01T00:00:00",
            "2032-07-01T00:00:00",
            "2032-08-01T00:00:00",
            "2032-09-01T00:00:00",
            "2032-10-01T00:00:00",
            "2032-11-01T00:00:00",
            "2032-12-01T00:00:00",
            "2033-01-01T00:00:00",
            "2033-02-01T00:00:00",
            "2033-03-01T00:00:00",
            "2033-04-01T00:00:00",
            "2033-05-01T00:00:00",
            "2033-06-01T00:00:00",
            "2033-07-01T00:00:00",
            "2033-08-01T00:00:00",
            "2033-09-01T00:00:00",
            "2033-10-01T00:00:00",
            "2033-11-01T00:00:00",
            "2033-12-01T00:00:00",
            "2034-01-01T00:00:00",
            "2034-02-01T00:00:00",
            "2034-03-01T00:00:00",
            "2034-04-01T00:00:00",
            "2034-05-01T00:00:00",
            "2034-06-01T00:00:00",
            "2034-07-01T00:00:00",
            "2034-08-01T00:00:00",
            "2034-09-01T00:00:00",
            "2034-10-01T00:00:00",
            "2034-11-01T00:00:00",
            "2034-12-01T00:00:00",
            "2035-01-01T00:00:00",
            "2035-02-01T00:00:00",
            "2035-03-01T00:00:00",
            "2035-04-01T00:00:00",
            "2035-05-01T00:00:00",
            "2035-06-01T00:00:00",
            "2035-07-01T00:00:00",
            "2035-08-01T00:00:00",
            "2035-09-01T00:00:00",
            "2035-10-01T00:00:00",
            "2035-11-01T00:00:00",
            "2035-12-01T00:00:00",
            "2036-01-01T00:00:00",
            "2036-02-01T00:00:00",
            "2036-03-01T00:00:00",
            "2036-04-01T00:00:00",
            "2036-05-01T00:00:00",
            "2036-06-01T00:00:00",
            "2036-07-01T00:00:00",
            "2036-08-01T00:00:00",
            "2036-09-01T00:00:00",
            "2036-10-01T00:00:00",
            "2036-11-01T00:00:00",
            "2036-12-01T00:00:00",
            "2037-01-01T00:00:00",
            "2037-02-01T00:00:00",
            "2037-03-01T00:00:00",
            "2037-04-01T00:00:00",
            "2037-05-01T00:00:00",
            "2037-06-01T00:00:00",
            "2037-07-01T00:00:00",
            "2037-08-01T00:00:00",
            "2037-09-01T00:00:00",
            "2037-10-01T00:00:00",
            "2037-11-01T00:00:00",
            "2037-12-01T00:00:00",
            "2038-01-01T00:00:00",
            "2038-02-01T00:00:00",
            "2038-03-01T00:00:00"
          ],
          "GraphLines": [
            {
              "Name": "MIDDLE",
              "Percentile": 50.00,
              "Description": "Zoals verwacht",
              "ExpectedCapitalValues": [
                0.0,
                0.0,
                0.0,
                0.0,
                0.0,
                0.0,
                0.0,
                0.0,
                0.0,
                0.0,
                0.0,
                0.0,
                0.0,
                0.0,
                0.0,
                0.0,
                0.0,
                0.0,
                0.0,
                0.0,
                0.0,
                0.0,
                0.0,
                0.0,
                0.0,
                0.0,
                0.0,
                0.0,
                0.0,
                0.0,
                0.0,
                0.0,
                0.0,
                0.0,
                0.0,
                0.0,
                0.0,
                0.0,
                0.0,
                0.0,
                0.0,
                0.0,
                0.0,
                0.0,
                0.0,
                0.0,
                0.0,
                0.0,
                0.0,
                0.0,
                0.0,
                0.0,
                0.0,
                0.0,
                0.0,
                0.0,
                0.0,
                0.0,
                0.0,
                0.0,
                0.0,
                0.0,
                0.0,
                0.0,
                0.0,
                0.0,
                0.0,
                0.0,
                0.0,
                0.0,
                0.0,
                0.0,
                0.0,
                0.0,
                0.0,
                0.0,
                0.0,
                0.0,
                0.0,
                0.0,
                0.0,
                0.0,
                0.0,
                0.0,
                0.0,
                0.0,
                0.0,
                0.0,
                0.0,
                0.0,
                0.0,
                0.0,
                0.0,
                0.0,
                0.0,
                0.0,
                0.0,
                0.0,
                0.0,
                0.0,
                0.0,
                0.0,
                0.0,
                0.0,
                0.0,
                0.0,
                0.0,
                0.0,
                0.0,
                0.0,
                0.0,
                0.0,
                0.0,
                0.0,
                0.0,
                0.0,
                0.0,
                0.0,
                0.0,
                0.0,
                0.0,
                0.0,
                0.0,
                0.0,
                0.0,
                0.0,
                0.0,
                0.0,
                0.0,
                0.0,
                0.0,
                0.0,
                0.0,
                0.0,
                0.0,
                0.0,
                0.0,
                0.0,
                0.0,
                0.0,
                0.0,
                0.0,
                0.0,
                0.0,
                0.0,
                0.0,
                0.0,
                0.0,
                0.0,
                0.0,
                0.0,
                0.0,
                0.0,
                0.0,
                0.0,
                0.0,
                0.0,
                0.0,
                0.0,
                0.0,
                0.0,
                0.0,
                0.0,
                0.0,
                0.0,
                0.0,
                0.0,
                0.0,
                0.0,
                0.0,
                0.0,
                0.0,
                0.0,
                0.0,
                0.0,
                0.0,
                0.0,
                0.0,
                0.0,
                0.0,
                0.0,
                0.0,
                0.0,
                0.0,
                0.0,
                0.0,
                0.0,
                0.0,
                0.0,
                0.0,
                0.0,
                0.0,
                0.0,
                0.0,
                0.0,
                0.0,
                0.0,
                0.0,
                0.0
              ]
            }
          ]
        },
        "Income": {
          "StartDate": "2030-09-01T00:00:00",
          "Scenarios": [
            {
              "Name": "MIDDLE",
              "StartExpectedCapital": {
                "ExpectedCapital": 1000.0
              },
              "EndExpectedCapital": {
                "Date": "2021-08-06T00:00:00",
                "ExpectedCapital": 0.0
              }
            }
          ],
          "WithdrawalScheme": {
            "StartDate": "2030-09-01T00:00:00",
            "EndDate": "2038-03-31T00:00:00",
            "IterationPeriodInMonths": 1,
            "Periodicals": [
              {
                "Amount": 1000.0,
                "Year": "2030"
              },
              {
                "Amount": 1000.0,
                "Year": "2031"
              },
              {
                "Amount": 1000.0,
                "Year": "2032"
              },
              {
                "Amount": 1000.0,
                "Year": "2033"
              },
              {
                "Amount": 1000.0,
                "Year": "2034"
              },
              {
                "Amount": 1000.0,
                "Year": "2035"
              },
              {
                "Amount": 1000.0,
                "Year": "2036"
              },
              {
                "Amount": 1000.0,
                "Year": "2037"
              },
              {
                "Amount": 1000.0,
                "Year": "2038"
              }
            ]
          }
        },
        "Suggestions": null
      }
  }
}
