{
  "request": {
    "method": "POST",
    "urlPathPattern": "/calculationserviceinvestments/v2/chancereachgoalcapital"
  },
  "response": {
    "status": 200,
    "headers": {
      "Content-Type": "application/json"
    },
    "jsonBody":
    {
      "GoalReachability": {
        "ChanceReachGoal": 0.0,
        "LowerLimitUnderrun": true,
        "UpperLimitOverrun": false
      },
      "DesiredCapitalCorrected": null,
      "ResultsOverTime": [
        {
          "PeriodInYears": "End",
          "TotalDepositAmount": 11500.0,
          "ExpectedResults": [
            {
              "Name": "LOWEST",
              "Percentile": 97.50,
              "ExpectedCapital": 11105.0,
              "NetReturnRate": -4.6,
              "TotalNetReturnRate": -8.4,
              "NetReturnAmount": -495.0,
              "GrossReturnRate": -3.7,
              "TotalGrossReturnRate": -6.8,
              "GrossReturnAmount": -400.0,
              "IsUseForAdvice": false
            },
            {
              "Name": "LOW",
              "Percentile": 70.00,
              "ExpectedCapital": 11502.0,
              "NetReturnRate": -0.9,
              "TotalNetReturnRate": -1.7,
              "NetReturnAmount": -98.0,
              "GrossReturnRate": 0.0,
              "TotalGrossReturnRate": 0.0,
              "GrossReturnAmount": 2.0,
              "IsUseForAdvice": false
            },
            {
              "Name": "MIDDLE",
              "Percentile": 50.00,
              "ExpectedCapital": 11642.0,
              "NetReturnRate": 0.4,
              "TotalNetReturnRate": 0.7,
              "NetReturnAmount": 42.0,
              "GrossReturnRate": 1.3,
              "TotalGrossReturnRate": 2.5,
              "GrossReturnAmount": 144.0,
              "IsUseForAdvice": true
            },
            {
              "Name": "HIGH",
              "Percentile": 30.00,
              "ExpectedCapital": 11792.0,
              "NetReturnRate": 1.8,
              "TotalNetReturnRate": 3.3,
              "NetReturnAmount": 192.0,
              "GrossReturnRate": 2.7,
              "TotalGrossReturnRate": 5.1,
              "GrossReturnAmount": 295.0,
              "IsUseForAdvice": false
            },
            {
              "Name": "HIGHEST",
              "Percentile": 10.00,
              "ExpectedCapital": 12007.0,
              "NetReturnRate": 3.8,
              "TotalNetReturnRate": 7.0,
              "NetReturnAmount": 407.0,
              "GrossReturnRate": 4.8,
              "TotalGrossReturnRate": 8.9,
              "GrossReturnAmount": 513.0,
              "IsUseForAdvice": false
            },
            {
              "Name": "SAVINGSLOW",
              "Percentile": null,
              "ExpectedCapital": 10586.0,
              "NetReturnRate": null,
              "TotalNetReturnRate": null,
              "NetReturnAmount": null,
              "GrossReturnRate": null,
              "TotalGrossReturnRate": null,
              "GrossReturnAmount": null,
              "IsUseForAdvice": false
            },
            {
              "Name": "SAVINGS",
              "Percentile": null,
              "ExpectedCapital": 11606.0,
              "NetReturnRate": null,
              "TotalNetReturnRate": null,
              "NetReturnAmount": null,
              "GrossReturnRate": null,
              "TotalGrossReturnRate": null,
              "GrossReturnAmount": null,
              "IsUseForAdvice": false
            },                  {
              "Name": "SAVINGSHIGH",
              "Percentile": null,
              "ExpectedCapital": 12348.0,
              "NetReturnRate": null,
              "TotalNetReturnRate": null,
              "NetReturnAmount": null,
              "GrossReturnRate": null,
              "TotalGrossReturnRate": null,
              "GrossReturnAmount": null,
              "IsUseForAdvice": false
            },
            {
              "Name": "DEPOSITS",
              "Percentile": null,
              "ExpectedCapital": 11600.0,
              "NetReturnRate": null,
              "TotalNetReturnRate": null,
              "NetReturnAmount": null,
              "GrossReturnRate": null,
              "TotalGrossReturnRate": null,
              "GrossReturnAmount": null,
              "IsUseForAdvice": false
            }
          ],
          "Costs": [
            {
              "TypeOfCosts": "Rabo",
              "CostsAmount": 55.50,
              "CostsRate": 0.5,
              "TotalCostsRate": 0.9
            },
            {
              "TypeOfCosts": "External",
              "CostsAmount": 45.14,
              "CostsRate": 0.4,
              "TotalCostsRate": 0.8
            },
            {
              "TypeOfCosts": "FundManagement",
              "CostsAmount": 45.14,
              "CostsRate": 0.4,
              "TotalCostsRate": 0.8
            },
            {
              "TypeOfCosts": "Spread",
              "CostsAmount": 21.12,
              "CostsRate": 0.34,
              "TotalCostsRate": 0.8
            },

            {
              "TypeOfCosts": "Total",
              "CostsAmount": 121.76,
              "CostsRate": 0.9,
              "TotalCostsRate": 1.7
            }
          ]
        },
        {
          "PeriodInYears": "1",
          "TotalDepositAmount": 6000.0,
          "ExpectedResults": [
            {
              "Name": "LOWEST",
              "Percentile": 97.50,
              "ExpectedCapital": 5879.0,
              "NetReturnRate": -6.5,
              "TotalNetReturnRate": -6.5,
              "NetReturnAmount": -221.0,
              "GrossReturnRate": -5.4,
              "TotalGrossReturnRate": -5.4,
              "GrossReturnAmount": -183.0,
              "IsUseForAdvice": false
            },
            {
              "Name": "LOW",
              "Percentile": 70.00,
              "ExpectedCapital": 6041.0,
              "NetReturnRate": -1.8,
              "TotalNetReturnRate": -1.8,
              "NetReturnAmount": -59.0,
              "GrossReturnRate": -0.6,
              "TotalGrossReturnRate": -0.6,
              "GrossReturnAmount": -20.0,
              "IsUseForAdvice": false
            },
            {
              "Name": "MIDDLE",
              "Percentile": 50.00,
              "ExpectedCapital": 6102.0,
              "NetReturnRate": 0.1,
              "TotalNetReturnRate": 0.1,
              "NetReturnAmount": 2.0,
              "GrossReturnRate": 1.2,
              "TotalGrossReturnRate": 1.2,
              "GrossReturnAmount": 41.0,
              "IsUseForAdvice": true
            },
            {
              "Name": "HIGH",
              "Percentile": 30.00,
              "ExpectedCapital": 6164.0,
              "NetReturnRate": 1.9,
              "TotalNetReturnRate": 1.9,
              "NetReturnAmount": 64.0,
              "GrossReturnRate": 3.1,
              "TotalGrossReturnRate": 3.1,
              "GrossReturnAmount": 104.0,
              "IsUseForAdvice": false
            },
            {
              "Name": "HIGHEST",
              "Percentile": 10.00,
              "ExpectedCapital": 6257.0,
              "NetReturnRate": 4.7,
              "TotalNetReturnRate": 4.7,
              "NetReturnAmount": 157.0,
              "GrossReturnRate": 5.9,
              "TotalGrossReturnRate": 5.9,
              "GrossReturnAmount": 197.0,
              "IsUseForAdvice": false
            },
            {
              "Name": "SAVINGS",
              "Percentile": null,
              "ExpectedCapital": 11606.0,
              "NetReturnRate": null,
              "TotalNetReturnRate": null,
              "NetReturnAmount": null,
              "GrossReturnRate": null,
              "TotalGrossReturnRate": null,
              "GrossReturnAmount": null,
              "IsUseForAdvice": false
            },
            {
              "Name": "DEPOSITS",
              "Percentile": null,
              "ExpectedCapital": 6100.0,
              "NetReturnRate": null,
              "TotalNetReturnRate": null,
              "NetReturnAmount": null,
              "GrossReturnRate": null,
              "TotalGrossReturnRate": null,
              "GrossReturnAmount": null,
              "IsUseForAdvice": false
            }
          ],
          "Costs": [
            {
              "TypeOfCosts": "Rabo",
              "CostsAmount": 25.13,
              "CostsRate": 0.7,
              "TotalCostsRate": 0.7
            },
            {
              "TypeOfCosts": "External",
              "CostsAmount": 14.08,
              "CostsRate": 0.4,
              "TotalCostsRate": 0.4
            },
            {
              "TypeOfCosts": "Spread",
              "CostsAmount": 21.12,
              "CostsRate": 0.34,
              "TotalCostsRate": 0.8
            },
            {
              "TypeOfCosts": "Total",
              "CostsAmount": 39.20,
              "CostsRate": 1.2,
              "TotalCostsRate": 1.2
            }
          ]
        }
      ],
      "OneYearDownwardRisk": -3.0,
      "OneYearDownwardRiskAmount": -183.0,
      "ChanceNegativeReturn": 43.9,
      "InterestRateSavings": null,
      "OngoingCostsPercentage": 0.4200,
      "AssetMix": [
        {
          "AssetClassPercentage": 10.0,
          "AssetClassName": "Aandelen"
        },
        {
          "AssetClassPercentage": 0.0,
          "AssetClassName": "Alternatieven"
        },
        {
          "AssetClassPercentage": 0.0,
          "AssetClassName": "Liquiditeiten"
        },
        {
          "AssetClassPercentage": 90.0,
          "AssetClassName": "Obligaties"
        }
      ],
      "GraphData": {
        "GraphDates": [
          "2019-03-01T00:00:00",
          "2019-05-01T00:00:00",
          "2019-07-01T00:00:00",
          "2019-10-01T00:00:00",
          "2019-12-01T00:00:00",
          "2020-03-01T00:00:00",
          "2020-05-01T00:00:00",
          "2020-08-01T00:00:00",
          "2020-10-01T00:00:00",
          "2020-12-01T00:00:00"
        ],
        "GraphLines": [
          {
            "Name": "LOWEST",
            "Percentile": 97.50,
            "Description": "97,5% kans om dit bedrag te halen",
            "ExpectedCapitalValues": [
              600.0,
              1573.0,
              3026.0,
              3991.0,
              5428.0,
              6379.0,
              7803.0,
              8746.0,
              10154.0,
              11105.0
            ]
          },
          {
            "Name": "LOW",
            "Percentile": 70.00,
            "Description": "70% kans om dit bedrag te halen",
            "ExpectedCapitalValues": [
              600.0,
              1589.0,
              3074.0,
              4069.0,
              5554.0,
              6541.0,
              8029.0,
              9014.0,
              10500.0,
              11502.0
            ]
          },
          {
            "Name": "MIDDLE",
            "Percentile": 50.00,
            "Description": "50% kans om dit bedrag te halen",
            "ExpectedCapitalValues": [
              600.0,
              1595.0,
              3092.0,
              4098.0,
              5602.0,
              6602.0,
              8112.0,
              9120.0,
              10624.0,
              11642.0
            ]
          },
          {
            "Name": "HIGH",
            "Percentile": 30.00,
            "Description": "30% kans om dit bedrag te halen",
            "ExpectedCapitalValues": [
              600.0,
              1601.0,
              3111.0,
              4127.0,
              5650.0,
              6664.0,
              8197.0,
              9221.0,
              10754.0,
              11792.0
            ]
          },
          {
            "Name": "HIGHEST",
            "Percentile": 10.00,
            "Description": "10% kans om dit bedrag te halen",
            "ExpectedCapitalValues": [
              600.0,
              1610.0,
              3138.0,
              4169.0,
              5717.0,
              6757.0,
              8326.0,
              9367.0,
              10946.0,
              12007.0
            ]
          },
          {
            "Name": "DEPOSITS",
            "Percentile": null,
            "Description": null,
            "ExpectedCapitalValues": [
              600.0,
              1600.0,
              3100.0,
              4100.0,
              5600.0,
              6600.0,
              8100.0,
              9100.0,
              10600.0,
              11600.0
            ]
          }
        ]
      },
      "Suggestions": {
        "LowerLimitSuggestions": {
          "OneTimeDeposit": 26696.00,
          "MonthlyDeposit": 1217.00,
          "ProposedEndDate": "2080-03-31T00:00:00",
          "ProposedDesiredCapital": 11642.0
        }
      }
    }
  }
}
