<document xmlns="http://maven.apache.org/changes/1.0.0"
    xmlns:xsi="http://www.w3.org/2001/XMLSchema-instance"
    xsi:schemaLocation="http://maven.apache.org/changes/1.0.0 http://maven.apache.org/xsd/changes-1.0.0.xsd">
    <properties>
        <title>${project.name}</title>
    </properties>
    <body>
        <release version="1.0.0-${revision}" date="${release.date}" description="Initial release">
            <action dev="irudhaak" type="update" date="12-02-2020">
            </action>
        </release>
    </body>
</document>
