<document xmlns="http://maven.apache.org/changes/1.0.0"
          xmlns:xsi="http://www.w3.org/2001/XMLSchema-instance"
          xsi:schemaLocation="http://maven.apache.org/changes/1.0.0 http://maven.apache.org/xsd/changes-1.0.0.xsd">
    <properties>
        <title>${project.name}</title>
    </properties>
    <body>
        <release version="3.0.0-${revision}" date="${release.date}" description="Spring Boot 3">
            <action type="update" date="16-01-2023" dev="Andre.Duursma@rabobank.nl">
                Upgraded Spring Boot version to 3.0.1.
            </action>
            <action type="update" date="16-01-2023" dev="Andre.Duursma@rabobank.nl">
                Upgraded Spring Cloud version to 2022.0.0.
            </action>
        </release>

        <release version="2.3.3-${revision}" date="${release.date}" description="Upgrades">
            <action type="update" date="21-11-2022" dev="Andre.Duursma@rabobank.nl">
                Upgraded Kotlin version to 1.7.21.
            </action>
            <action type="update" date="21-11-2022" dev="Andre.Duursma@rabobank.nl">
                Upgraded Spring Cloud version to 2021.0.5.
            </action>
        </release>

        <release version="2.3.2-${revision}" date="${release.date}" description="Upgrades">
            <action type="update" date="21-10-2022" dev="Andre.Duursma@rabobank.nl">
                Upgraded Spring Boot version to 2.7.5.
            </action>
            <action type="update" date="21-10-2022" dev="Andre.Duursma@rabobank.nl">
                Upgraded PITest dependencies.
            </action>
            <action type="update" date="21-10-2022" dev="Andre.Duursma@rabobank.nl">
                Upgraded snakeyaml dependency to resolve security vulnerabilities.
            </action>
            <action type="update" date="21-10-2022" dev="Andre.Duursma@rabobank.nl">
                Upgraded (transitive) commons-text dependency to resolve security vulnerabilities.
            </action>
        </release>

        <release version="2.3.1-${revision}" date="${release.date}" description="Additional property to log">
            <action type="add" date="11-10-2022" dev="Andre.Duursma@rabobank.nl">
                Added logging the RABOPCF_SYSTEM_ENV environment variable to be able to see from where a log event
                originated.
            </action>
        </release>

        <release version="2.3.0-${revision}" date="${release.date}" description="Nexus2 to Nexus3 migration">
            <action type="update" date="11-10-2022" dev="Andre.Duursma@rabobank.nl">
                Changed the Nexus2 repository URL's to the Nexus3 counterparts.
            </action>
            <action type="update" date="11-10-2022" dev="Andre.Duursma@rabobank.nl">
                Upgraded Kotlin version to 1.7.20.
            </action>
        </release>

        <release version="2.2.4-${revision}" date="${release.date}" description="Upgrades">
            <action type="update" date="23-09-2022" dev="Andre.Duursma@rabobank.nl">
                Upgraded Spring Boot version to 2.7.4.
            </action>
            <action type="update" date="23-09-2022" dev="Andre.Duursma@rabobank.nl">
                Upgraded Spring Cloud version to 2021.0.4.
            </action>
        </release>

        <release version="2.2.3-${revision}" date="${release.date}" description="Added OpenFeign logbook">
            <action type="update" date="19-09-2022" dev="pieter.botha@rabobank.nl">
                Added OpenFeign Logbook and updated logbook-access to its new group (also aligns with Spring 2.7.3).
            </action>
        </release>

        <release version="2.2.2-${revision}" date="${release.date}" description="Upgrades">
            <action type="update" date="24-08-2022" dev="Andre.Duursma@rabobank.nl">
                Upgraded Spring Boot version to 2.7.3.
            </action>
        </release>

        <release version="2.2.1-${revision}" date="${release.date}" description="Upgrades">
            <action type="update" date="25-07-2022" dev="Andre.Duursma@rabobank.nl">
                Upgraded Spring Boot version to 2.7.2.
            </action>
            <action type="update" date="25-07-2022" dev="Andre.Duursma@rabobank.nl">
                Upgraded Kotlin version to 1.7.10.
            </action>
        </release>

        <release version="2.2.0-${revision}" date="${release.date}" description="Upgrades">
            <action type="update" date="23-06-2022" dev="Andre.Duursma@rabobank.nl">
                Upgraded Spring Boot version to 2.7.1.
            </action>
            <action type="update" date="23-06-2022" dev="Andre.Duursma@rabobank.nl">
                Upgraded Java version to Java 17.
            </action>
        </release>

        <release version="2.1.2-${revision}" date="${release.date}" description="Upgrades">
            <action type="update" date="13-06-2022" dev="Andre.Duursma@rabobank.nl">
                Upgraded Kotlin version to 1.7.0.
            </action>
        </release>

        <release version="2.1.1-${revision}" date="${release.date}" description="Upgrades">
            <action type="update" date="01-06-2022" dev="Andre.Duursma@rabobank.nl">
                Upgraded Spring Cloud version to 2021.0.3.
            </action>
        </release>

        <release version="2.1.0-${revision}" date="${release.date}" description="Upgrades">
            <action type="update" date="21-05-2022" dev="Andre.Duursma@rabobank.nl">
                Upgraded Spring Boot version to 2.7.0.
            </action>
        </release>

        <release version="2.0.5-${revision}" date="${release.date}" description="Upgrades">
            <action type="update" date="19-05-2022" dev="Andre.Duursma@rabobank.nl">
                Upgraded Spring Boot version to 2.6.8.
            </action>
        </release>

        <release version="2.0.4-${revision}" date="${release.date}" description="Fixed logbook configuration">
            <action type="fix" date="05-05-2022" dev="Jeroen.Burggraaf@rabobank.nl">
                Fixed logbook configuration issue where exclusion and masking wasn't applied.
            </action>
        </release>

        <release version="2.0.3-${revision}" date="${release.date}" description="Upgrades">
            <action type="update" date="30-04-2022" dev="Andre.Duursma@rabobank.nl">
                Upgraded Spring Cloud version to 2021.0.2.
            </action>
        </release>

        <release version="2.0.2-${revision}" date="${release.date}" description="Upgrades">
            <action type="update" date="25-04-2022" dev="Andre.Duursma@rabobank.nl">
                Upgraded Spring Boot version to 2.6.7.
            </action>
        </release>

        <release version="2.0.1-${revision}" date="${release.date}" description="Upgrades">
            <action type="update" date="20-04-2022" dev="Andre.Duursma@rabobank.nl">
                Upgraded Kotlin version to 1.6.21.
            </action>
        </release>

        <release version="2.0.0-${revision}" date="${release.date}" description="Initial setup">
            <action type="update" date="04-04-2022" dev="Andre.Duursma@rabobank.nl">
                Upgraded Kotlin version to 1.6.20.
            </action>
            <action type="update" date="01-04-2022" dev="Andre.Duursma@rabobank.nl">
                Upgraded Spring Boot version to 2.6.6.
            </action>
            <action date="02-03-2022" dev="Akhil.Jain@rabobank.nl">
                Added masking possibilities based on logbook and logback configuration.
            </action>
        </release>
    </body>
</document>
