<document xmlns="http://maven.apache.org/changes/1.0.0" xmlns:xsi="http://www.w3.org/2001/XMLSchema-instance"
          xsi:schemaLocation="http://maven.apache.org/changes/1.0.0 http://maven.apache.org/xsd/changes-1.0.0.xsd">
    <properties>
        <title>${project.name}</title>
    </properties>
    <body>
        <release version="1.2.8-${revision}" date="${release.date}" description="Service rename">
            <action type="update" issue="6105478" date="09-02-2023" dev="Andre.Duursma@rabobank.nl">
                Updated the route to the Sustainability Service from sustainability-service into sustainability-preferences-service.
            </action>
        </release>

        <release version="1.2.7-${revision}" date="${release.date}" description="Updated mock">
            <action type="fix" date="24-01-2023" dev="rohit.ajit.dharmadhikari@rabobank.nl">
                Updated mock for logged in users.
            </action>
        </release>

        <release version="1.2.7-${revision}" date="${release.date}" description="Updated mock">
            <action type="fix" date="24-01-2023" dev="rohit.ajit.dharmadhikari@rabobank.nl">
                Updated mock for logged in users.
            </action>
        </release>

        <release version="1.2.6-${revision}" date="${release.date}" description="Change for yic">
            <action type="fix" date="18-01-2023" dev="rohit.ajit.dharmadhikari@rabobank.nl">
                Modified agreement stub for yic sus.
            </action>
        </release>

        <release version="1.2.5-${revision}" date="${release.date}" description="Change port for ESB stub">
            <action type="fix" date="13-12-2022" dev="Akhil.Jain@rabobank.nl">
                Change port 8084 because it conflicts with azure reserved port .
            </action>
        </release>

        <release version="1.2.4-${revision}" date="${release.date}" description="Sustainability">
            <action type="add" date="13-12-2022" dev="Andre.Duursma@rabobanl.nl">
                Added route to Sustainability Service.
            </action>
        </release>

        <release version="1.2.3-${revision}" date="${release.date}" description="Updates">
            <action type="add" date="07-10-2022" dev="madan.ramineni@rabobanl.nl">
                Skynet stubs are added for positions and reports.
            </action>
        </release>

        <release version="1.2.2-${revision}" date="${release.date}" description="Updates">
            <action type="update" date="20-06-2022" dev="Akhil.Jain@rabobanl.nl">
                Routes for FE are changed to new CF environments.
            </action>
        </release>

        <release version="1.2.1-${revision}" date="${release.date}" description="Updates">
            <action type="update" date="29-06-2022" dev="Akhil.Jain@rabobanl.nl">
                Temp move employee app FE route to pcf.
            </action>
            <action type="update" date="29-06-2022" dev="Akhil.Jain@rabobanl.nl">
                Modified stubs for agreement service used for CAG.
            </action>
        </release>

        <release version="1.2.0-${revision}" date="${release.date}" description="Updates">
            <action type="update" date="26-06-2022" dev="Akhil.Jain@rabobanl.nl">
                Upgrade to Java 17.
            </action>
            <action type="update" date="26-06-2022" dev="Akhil.Jain@rabobanl.nl">
                Upgrade to Spring boot 1.7.
            </action>
            <action type="update" date="26-06-2022" dev="Akhil.Jain@rabobanl.nl">
                Updated agreement service stubs.
            </action>
        </release>

        <release version="1.1.1-${revision}" date="${release.date}" description="KEC Authorizations">
            <action type="add" date="20-05-2022" dev="Akhil.Jain@rabobanl.nl">
                Added KEC authorizations for employee.
            </action>
        </release>

        <release version="1.1.0-${revision}" date="${release.date}" description="Initial Setup">
            <action type="add" date="12-05-2022" dev="alfred.de.klerk@rabobank.nl">
                Added API stubs for commands.
            </action>
            <action type="add" date="01-05-2022" dev="Andre.Duursma@rabobank.nl">
                Added API stubs.
            </action>
            <action type="add" date="01-05-2022" dev="Andre.Duursma@rabobank.nl">
                Added ESB stubs.
            </action>
            <action type="add" date="30-04-2022" dev="Andre.Duursma@rabobank.nl">
                Added Authorisation Hub stubs.
            </action>
            <action type="add" date="30-04-2022" dev="Andre.Duursma@rabobank.nl">
                Added Edge Router routes.
            </action>
            <action type="add" date="30-04-2022" dev="Andre.Duursma@rabobank.nl">
                Added Employee Edge Router routes.
            </action>
            <action type="add" date="20-04-2022" dev="Andre.Duursma@rabobank.nl">
                Added a changes.xml file to keep track of our changes.
            </action>
        </release>
    </body>
</document>
