<document xmlns="http://maven.apache.org/changes/1.0.0"
          xmlns:xsi="http://www.w3.org/2001/XMLSchema-instance"
          xsi:schemaLocation="http://maven.apache.org/changes/1.0.0 http://maven.apache.org/xsd/changes-1.0.0.xsd">
    <properties>
        <title>${project.name}</title>
    </properties>
    <body>
        <release version="1.4.17-${revision}" date="${release.date}" description="Mapstruct annotation processing">
            <action type="update" date="28-03-2023" dev="Andre.Duursma@rabobank.nl">
                No longer fail the build in case the OWASP Dependency check fails due to issues beyond our control.
            </action>
            <action type="update" date="27-03-2023" dev="jeroen.burggraaf@rabobank.nl">
                Added mapstruct annotation processing.
            </action>
        </release>

        <release version="1.4.16-${revision}" date="${release.date}" description="Upgrades">
            <action type="update" date="24-03-2023" dev="vaibhav.bhoir@rabobank.nl">
                Upgraded Spring Boot version to 2.7.10.
            </action>
        </release>

        <release version="1.4.15-${revision}" date="${release.date}" description="Maven profiles">
            <action type="add" date="20-03-2023" dev="Andre.Duursma@rabobank.nl">
                Added a 'prepare-release-announcement' profile which is used for sending release announcements
                through the use of a AzureDevOps pipeline task.
            </action>
        </release>

        <release version="1.4.14-${revision}" date="${release.date}" description="OWASP Dependency-check fix">
            <action type="fix" date="17-03-2023" dev="Andre.Duursma@rabobank.nl">
                No longer fail the build in case of remote errors connecting to the OSS Index.
            </action>
        </release>

        <release version="1.4.13-${revision}" date="${release.date}" description="Upgrades">
            <action type="update" date="07-03-2023" dev="vaibhav.bhoir@rabobank.nl">
                Upgraded Spring Cloud version to 2021.0.6.
            </action>
        </release>

        <release version="1.4.12-${revision}" date="${release.date}" description="Upgrades">
            <action type="update" date="24-02-2023" dev="vaibhav.bhoir@rabobank.nl">
                Upgraded Spring Boot version to 2.7.9.
            </action>
        </release>

        <release version="1.4.11-${revision}" date="${release.date}" description="Updated email addresses">
            <action type="update" date="23-02-2023" dev="kunal.sehgal@rabobank.nl">
               Updated Email addresses for team monte carlo.
            </action>
        </release>

        <release version="1.4.10-${revision}" date="${release.date}" description="Upgrades">
            <action type="update" date="03-02-2023" dev="Andre.Duursma@rabobank.nl">
                Upgraded Kotlin version to 1.8.10.
            </action>
        </release>

        <release version="1.4.9-${revision}" date="${release.date}" description="Upgrades">
            <action type="update" date="23-12-2022" dev="Andre.Duursma@rabobank.nl">
                Upgraded Spring Boot version to 2.7.8.
            </action>
        </release>

        <release version="1.4.8-${revision}" date="${release.date}" description="Upgrades">
            <action type="update" date="06-01-2023" dev="Andre.Duursma@rabobank.nl">
                Upgraded Kotlin version to 1.8.0.
            </action>
        </release>

        <release version="1.4.7-${revision}" date="${release.date}" description="Upgrades">
            <action type="update" date="06-01-2023" dev="pieter.botha@rabobank.nl">
                Version updated - focussing on owasp dependency check.
            </action>
        </release>

        <release version="1.4.7-${revision}" date="${release.date}" description="Upgrades">
            <action type="update" date="23-12-2022" dev="Andre.Duursma@rabobank.nl">
                Upgraded Spring Boot version to 2.7.7.
            </action>
        </release>

        <release version="1.4.6-${revision}" date="${release.date}" description="Revert: Jacoco Exclude Bundled APM">
            <action type="update" date="21-12-2022" dev="pieter.botha@rabobank.nl">
                Revert: Excluded bundled APM
            </action>
        </release>

        <release version="1.4.5-${revision}" date="${release.date}" description="Jacoco Exclude Bundled APM">
            <action type="update" date="21-12-2022" dev="pieter.botha@rabobank.nl">
                Excluded bundled APM
            </action>
        </release>

        <release version="1.4.4-${revision}" date="${release.date}" description="Dependency and plugin management improvements">
            <action type="update" date="29-11-2022" dev="Andre.Duursma@rabobank.nl">
                Upgraded Kotlin version to 1.7.22.
            </action>
            <action type="update" date="29-11-2022" dev="Andre.Duursma@rabobank.nl">
                Added dependency and plugin versions to dependency/plugin management.
            </action>
        </release>

        <release version="1.4.3-${revision}" date="${release.date}" description="Upgrades">
            <action type="update" date="21-11-2022" dev="Andre.Duursma@rabobank.nl">
                Upgraded Spring Boot version to 2.7.6.
            </action>
        </release>

        <release version="1.4.2-${revision}" date="${release.date}" description="Upgrades">
            <action type="update" date="21-11-2022" dev="Andre.Duursma@rabobank.nl">
                Upgraded Kotlin version to 1.7.21.
            </action>
            <action type="update" date="21-11-2022" dev="Andre.Duursma@rabobank.nl">
                Upgraded Spring Cloud version to 2021.0.5.
            </action>
        </release>

        <release version="1.4.1-${revision}" date="${release.date}" description="Upgrades">
            <action type="update" date="21-10-2022" dev="Andre.Duursma@rabobank.nl">
                Upgraded Spring Boot version to 2.7.5.
            </action>
            <action type="update" date="21-10-2022" dev="Andre.Duursma@rabobank.nl">
                Upgraded PITest dependencies.
            </action>
            <action type="update" date="21-10-2022" dev="Andre.Duursma@rabobank.nl">
                Upgraded snakeyaml dependency to resolve security vulnerabilities.
            </action>
            <action type="update" date="21-10-2022" dev="Andre.Duursma@rabobank.nl">
                Upgraded (transitive) commons-text dependency to resolve security vulnerabilities.
            </action>
        </release>

        <release version="1.4.0-${revision}" date="${release.date}" description="Nexus2 to Nexus3 migration">
            <action type="update" date="11-10-2022" dev="Andre.Duursma@rabobank.nl">
                Changed the Nexus2 repository URL's to the Nexus3 counterparts.
            </action>
            <action type="update" date="11-10-2022" dev="Andre.Duursma@rabobank.nl">
                Upgraded Kotlin version to 1.7.20.
            </action>
        </release>

        <release version="1.3.3-${revision}" date="${release.date}" description="Upgrades">
            <action type="update" date="23-09-2022" dev="Andre.Duursma@rabobank.nl">
                Upgraded Spring Boot version to 2.7.4.
            </action>
            <action type="update" date="23-09-2022" dev="Andre.Duursma@rabobank.nl">
                Upgraded Spring Cloud version to 2021.0.4.
            </action>
        </release>

        <release version="1.3.2-${revision}" date="${release.date}" description="Upgrades">
            <action type="add" date="24-08-2022" dev="Andre.Duursma@rabobank.nl">
                Added Pieter Botha to the release announcement recipient list.
            </action>
            <action type="add" date="24-08-2022" dev="Andre.Duursma@rabobank.nl">
                Added Madan Ramineni to the release announcement recipient list.
            </action>
            <action type="update" date="24-08-2022" dev="Sander.van.Driel@rabobank.nl">
                Upgraded dependency-check-maven plugin to 7.1.2
            </action>
            <action type="update" date="23-08-2022" dev="Sander.van.Driel@rabobank.nl">
                Upgraded Spring Boot version to 2.7.3.
            </action>
            <action type="update" date="23-08-2022" dev="Sander.van.Driel@rabobank.nl">
                Upgraded maven-resources-plugin to 3.3.0
            </action>
            <action type="update" date="23-08-2022" dev="Sander.van.Driel@rabobank.nl">
                Upgraded maven-site-plugin to 3.12.1
            </action>
        </release>

        <release version="1.3.1-${revision}" date="${release.date}" description="Upgrades">
            <action type="update" date="25-07-2022" dev="Andre.Duursma@rabobank.nl">
                Upgraded Spring Boot version to 2.7.2.
            </action>
            <action type="update" date="25-07-2022" dev="Andre.Duursma@rabobank.nl">
                Upgraded Kotlin version to 1.7.10.
            </action>
        </release>

        <release version="1.3.0-${revision}" date="${release.date}" description="Upgrades">
            <action type="update" date="23-06-2022" dev="Andre.Duursma@rabobank.nl">
                Upgraded Spring Boot version to 2.7.1.
            </action>
            <action type="update" date="23-06-2022" dev="Andre.Duursma@rabobank.nl">
                Upgraded Java version to Java 17.
            </action>
        </release>

        <release version="1.2.2-${revision}" date="${release.date}" description="Upgrades">
            <action type="update" date="13-06-2022" dev="Andre.Duursma@rabobank.nl">
                Upgraded Kotlin version to 1.7.0.
            </action>
        </release>

        <release version="1.2.1-${revision}" date="${release.date}" description="Upgrades">
            <action type="update" date="01-06-2022" dev="Andre.Duursma@rabobank.nl">
                Upgraded Spring Cloud version to 2021.0.3.
            </action>
        </release>

        <release version="1.2.0-${revision}" date="${release.date}" description="Upgrades">
            <action type="update" date="21-05-2022" dev="Andre.Duursma@rabobank.nl">
                Upgraded Spring Boot version to 2.7.0.
            </action>
        </release>

        <release version="1.1.4-${revision}" date="${release.date}" description="Upgrades">
            <action type="update" date="19-05-2022" dev="Andre.Duursma@rabobank.nl">
                Upgraded Spring Boot version to 2.6.8.
            </action>
        </release>

        <release version="1.1.3-${revision}" date="${release.date}" description="Upgrades">
            <action type="update" date="30-04-2022" dev="Andre.Duursma@rabobank.nl">
                Upgraded Spring Cloud version to 2021.0.2.
            </action>
            <action type="add" date="30-04-2022" dev="Andre.Duursma@rabobank.nl">
                Added a 'skipUTs' property to the integration-test profile to be able to skip running unit tests.
            </action>
        </release>

        <release version="1.1.2-${revision}" date="${release.date}" description="Upgrades">
            <action type="update" date="25-04-2022" dev="Andre.Duursma@rabobank.nl">
                Upgraded Spring Boot version to 2.6.7.
            </action>
        </release>

        <release version="1.1.1-${revision}" date="${release.date}" description="Upgrades">
            <action type="update" date="20-04-2022" dev="Andre.Duursma@rabobank.nl">
                Upgraded Kotlin version to 1.6.21.
            </action>
        </release>

        <release version="1.1.0-${revision}" date="${release.date}" description="Mutation test improvements">
            <action type="add" date="16-04-2022" dev="Andre.Duursma@rabobank.nl">
                Added a 'scm' section for use in both the SCM and PITest Maven plugins.
            </action>
            <action type="update" date="16-04-2022" dev="Andre.Duursma@rabobank.nl">
                Updated the 'mutation-test' profile to only mutation test changes compared to the master branch.
            </action>
            <action type="add" date="16-04-2022" dev="Andre.Duursma@rabobank.nl">
                Added a 'mutation-test-all' profile for mutation testing all classes in the codebase.
            </action>
            <action type="add" date="16-04-2022" dev="Andre.Duursma@rabobank.nl">
                Added a 'mutation-test-local' profile for mutation testing the last local commit only.
            </action>
        </release>

        <release version="1.0.0-${revision}" date="${release.date}" description="Initial setup">
            <action type="update" date="04-04-2022" dev="Andre.Duursma@rabobank.nl">
                Upgraded Kotlin version to 1.6.20.
            </action>
            <action type="update" date="01-04-2022" dev="Andre.Duursma@rabobank.nl">
                Upgraded Spring Boot version to 2.6.6.
            </action>
        </release>
    </body>
</document>
