{
  "request": {
    "method": "POST",
    "urlPathPattern": "/investments/test/positions"
  },
  "response": {
    "status": 200,
    "headers": {
      "Content-Type": "application/json",
      "rabobank-apikey":"c804a4c7-23dd-4c94-a516-fa1dab82b391"
    },
    "jsonBody": {
      "data": {
        "summary": [
          {
            "portfolioNumber": 80001001,
            "iban": "NL08RABO0101921012",
            "isInvestorAccount": true,
            "valueWithCash": 12538594,
            "valueWithoutCash": 125385,
            "purchaseValue": 7068672,
            "totalAccruedInterest": 2747.77
          }
        ]
      }
    }
  }
}