<document xmlns="http://maven.apache.org/changes/1.0.0"
          xmlns:xsi="http://www.w3.org/2001/XMLSchema-instance"
          xsi:schemaLocation="http://maven.apache.org/changes/1.0.0 http://maven.apache.org/xsd/changes-1.0.0.xsd">
    <properties>
        <title>${project.name}</title>
    </properties>
    <body>
        <release version="1.0.11-${revision}" date="${release.date}" description="Upgrades">
            <action type="update" date="06-02-2023" dev="Andre.Duursma@rabobank.nl">
                Manually updated versions.
            </action>
        </release>

        <release version="1.0.10-${revision}" date="${release.date}" description="Upgrades">
            <action type="update" date="09-01-2023" dev="Andre.Duursma@rabobank.nl">
                Manually updated versions.
            </action>
        </release>

        <release version="1.0.9-${revision}" date="${release.date}" description="Upgrades">
            <action type="update" date="14-01-2023" dev="Akhil.Jain@rabobank.nl">
                Manually updated versions.
            </action>
        </release>

        <release version="1.0.8-${revision}" date="${release.date}" description="Upgrades">
            <action type="update" date="09-01-2023" dev="Andre.Duursma@rabobank.nl">
                Manually updated versions.
            </action>
        </release>

        <release version="1.0.7-${revision}" date="${release.date}" description="Upgrades">
            <action type="update" date="05-01-202" dev="pieter.botha@rabobank.nl">
                Manually updated versions.
            </action>
        </release>

        <release version="1.0.6-${revision}" date="${release.date}" description="Open Telemetry">
            <action type="add" date="29-12-2022" dev="Andre.Duursma@rabobank.nl">
                Added Splunk Open Telemetry dependency.
            </action>
            <action type="add" date="29-12-2022" dev="Andre.Duursma@rabobank.nl">
                Added overriding the Release Announcement recipient list to send mail to team KYCA only.
            </action>
        </release>

        <release version="1.0.5-${revision}" date="${release.date}" description="Upgrades">
            <action type="update" date="23-12-2022" dev="Andre.Duursma@rabobank.nl">
                Manually upgraded Spring Boot version to 2.7.7.
            </action>
        </release>

        <release version="1.0.4-${revision}" date="${release.date}" description="Version updates">
            <action type="update" date="21-12-2021" dev="pieter.botha@rabobank.nl">
                Manually updated parent dependency versions to the latest versions available.
            </action>
        </release>

        <release version="1.0.3-${revision}" date="${release.date}" description="Version updates">
            <action type="update" date="14-12-2021" dev="Andre.Duursma@rabobank.nl">
                Manually updated commons dependency versions to the latest versions available.
            </action>
        </release>

        <release version="1.0.2-${revision}" date="${release.date}" description="Additions">
            <action type="add" date="06-12-2021" dev="Andre.Duursma@rabobank.nl">
                Added Spring Cloud Zipkin dependency.
            </action>
        </release>

        <release version="1.0.1-${revision}" date="${release.date}" description="Additions">
            <action type="add" date="25-11-2021" dev="Andre.Duursma@rabobank.nl">
                Added Maven Assembly plugin.
            </action>
        </release>

        <release version="1.0.0-${revision}" date="${release.date}" description="Release notes">
            <action type="add" date="24-11-2021" dev="Andre.Duursma@rabobank.nl">
                Added a changes.xml file to keep track of our changes.
            </action>
        </release>
    </body>
</document>
