{
  "request": {
    "method": "POST",
    "url": "/portfolio/verkoop/GetCoverageResult/1",
    "bodyPatterns": [
	    {
	        "matchesXPath": "//ns3:AccountNr[text() = '33796122']",
	        "xPathNamespaces": {
	          "ns3": "http://www.rabobank.nl/Vermogen/Portfolio/GetCoverageResult/1/0"
	        }
	     }
    ]
  },
  "response": {
    "status": 200,
    "bodyFileName": "portfolio/GetCoverageResult-33796122.xml",
    "headers": {
      "Content-Type": "text/xml"
    }
  }
}

