<document xmlns="http://maven.apache.org/changes/1.0.0"
          xmlns:xsi="http://www.w3.org/2001/XMLSchema-instance"
          xsi:schemaLocation="http://maven.apache.org/changes/1.0.0 http://maven.apache.org/xsd/changes-1.0.0.xsd">
    <properties>
        <title>${project.name}</title>
    </properties>
    <body>
        <release version="2.3.2-${revision}" date="${release.date}" description="Upgrades">
            <action type="update" date="21-11-2022" dev="Andre.Duursma@rabobank.nl">
                Upgraded Kotlin version to 1.7.21.
            </action>
            <action type="update" date="21-11-2022" dev="Andre.Duursma@rabobank.nl">
                Upgraded Spring Cloud version to 2021.0.5.
            </action>
        </release>

        <release version="2.3.1-${revision}" date="${release.date}" description="Upgrades">
            <action type="update" date="21-10-2022" dev="Andre.Duursma@rabobank.nl">
                Upgraded Spring Boot version to 2.7.5.
            </action>
            <action type="update" date="21-10-2022" dev="Andre.Duursma@rabobank.nl">
                Upgraded PITest dependencies.
            </action>
            <action type="update" date="21-10-2022" dev="Andre.Duursma@rabobank.nl">
                Upgraded snakeyaml dependency to resolve security vulnerabilities.
            </action>
            <action type="update" date="21-10-2022" dev="Andre.Duursma@rabobank.nl">
                Upgraded (transitive) commons-text dependency to resolve security vulnerabilities.
            </action>
        </release>

        <release version="2.3.0-${revision}" date="${release.date}" description="Nexus2 to Nexus3 migration">
            <action type="update" date="11-10-2022" dev="Andre.Duursma@rabobank.nl">
                Changed the Nexus2 repository URL's to the Nexus3 counterparts.
            </action>
            <action type="update" date="11-10-2022" dev="Andre.Duursma@rabobank.nl">
                Upgraded Kotlin version to 1.7.20.
            </action>
        </release>

        <release version="2.2.3-${revision}" date="${release.date}" description="Upgrades">
            <action type="update" date="23-09-2022" dev="Andre.Duursma@rabobank.nl">
                Upgraded Spring Boot version to 2.7.4.
            </action>
            <action type="update" date="23-09-2022" dev="Andre.Duursma@rabobank.nl">
                Upgraded Spring Cloud version to 2021.0.4.
            </action>
        </release>

        <release version="2.2.2-${revision}" date="${release.date}" description="Upgrades">
            <action type="update" date="24-08-2022" dev="Andre.Duursma@rabobank.nl">
                Upgraded Spring Boot version to 2.7.3.
            </action>
        </release>

        <release version="2.2.1-${revision}" date="${release.date}" description="Upgrades">
            <action type="update" date="25-07-2022" dev="Andre.Duursma@rabobank.nl">
                Upgraded Spring Boot version to 2.7.2.
            </action>
            <action type="update" date="25-07-2022" dev="Andre.Duursma@rabobank.nl">
                Upgraded Kotlin version to 1.7.10.
            </action>
        </release>

        <release version="2.2.0-${revision}" date="${release.date}" description="Upgrades">
            <action type="update" date="26-06-2022" dev="Akhil.Jain@rabobank.nl">
                Upgraded Java version to Java 17.
            </action>
            <action type="update" date="26-06-2022" dev="Akhil.Jain@rabobank.nl">
                Upgraded Spring Boot version to 2.7.1.
            </action>
        </release>

        <release version="2.1.2-${revision}" date="${release.date}" description="Upgrades">
            <action type="update" date="13-06-2022" dev="Andre.Duursma@rabobank.nl">
                Upgraded Kotlin version to 1.7.0.
            </action>
        </release>

        <release version="2.1.1-${revision}" date="${release.date}" description="Upgrades">
            <action type="update" date="01-06-2022" dev="Andre.Duursma@rabobank.nl">
                Upgraded Spring Cloud version to 2021.0.3.
            </action>
        </release>

        <release version="2.1.0-${revision}" date="${release.date}" description="Upgrades">
            <action type="update" date="21-05-2022" dev="Andre.Duursma@rabobank.nl">
                Upgraded Spring Boot version to 2.7.0.
            </action>
        </release>

        <release version="2.0.2-${revision}" date="${release.date}" description="Upgrades">
            <action type="update" date="19-05-2022" dev="Andre.Duursma@rabobank.nl">
                Upgraded Spring Boot version to 2.6.8.
            </action>
        </release>

        <release version="2.0.1-${revision}" issue= "4451621" date="${release.date}" description="Dependency Upgrade">
            <action type="update" date="13-05-2022" dev="Akhil.Jain@rabobank.nl">
                Added dependency (net.minidev.asm) required by flyway at runtime.
            </action>
        </release>

        <release version="2.0.0-${revision}" date="${release.date}" description="Upgrades">
            <action type="update" date="04-05-2022" dev="Andre.Duursma@rabobank.nl">
                Created a new major version to solve versioning issues with previously released versions in the past
                which are greater than the 1.0.5 version.
            </action>
        </release>

        <release version="1.0.5-${revision}" date="${release.date}" description="Upgrades">
            <action type="update" date="30-04-2022" dev="Andre.Duursma@rabobank.nl">
                Upgraded Spring Cloud version to 2021.0.2.
            </action>
        </release>

        <release version="1.0.4-${revision}" date="${release.date}" description="Upgrades">
            <action type="update" date="25-04-2022" dev="Andre.Duursma@rabobank.nl">
                Upgraded Spring Boot version to 2.6.7.
            </action>
        </release>

        <release version="1.0.3-${revision}" date="${release.date}" description="Upgrades">
            <action type="update" date="20-04-2022" dev="Andre.Duursma@rabobank.nl">
                Upgraded Kotlin version to 1.6.21.
            </action>
        </release>

        <release version="1.0.2-${revision}" date="${release.date}" description="Release Announcement recipients">
            <action type="remove" date="16-04-2022" dev="Andre.Duursma@rabobank.nl">
                Removed Dhruva from the Release Announcement recipients list.
            </action>
            <action type="remove" date="16-04-2022" dev="Andre.Duursma@rabobank.nl">
                Removed Ganesh from the Release Announcement recipients list.
            </action>
        </release>

        <release version="1.0.1-${revision}" date="${release.date}" description="Framework upgrades">
            <action type="update" date="04-04-2022" dev="Andre.Duursma@rabobank.nl">
                Upgraded Kotlin version to 1.6.20.
            </action>
            <action type="update" date="01-04-2022" dev="Andre.Duursma@rabobank.nl">
                Upgraded Spring Boot version to 2.6.6.
            </action>
        </release>

        <release version="1.0.0-${revision}" date="${release.date}" description="New JPA component implementation">
            <action type="add" date="25-03-2022" dev="Jason.Domatilia@rabobank.nl">
                First release of KYCA commons JPA component.
            </action>
        </release>
    </body>
</document>
