{
  "request": {
    "method": "GET",
    "urlPathPattern": "/offers",
    "queryParameters": {
      "investment_arrangement_number": {
        "matches": "[0-9]*"
      }
    }
  },
  "response": {
    "status": 200,
    "headers": {
      "Content-Type": "application/json"
    },
    "transformers": ["response-template"],
    "jsonBody": [
      {
        "id": 1001,
        "investmentArrangementNumber": "{{request.query.investment_arrangement_number}}",
        "flowType": "",
        "status": "DRAFT",
        "parts": []
      }
    ]
  }
}
