{
  "request": {
    "method": "GET",
    "urlPathPattern": "/offers/900"
  },
  "response": {
    "status": 200,
    "headers": {
      "Content-Type": "application/json"
    },
    "transformers": ["response-template"],
    "jsonBody": {
      "id": "{{request.path.[1]}}",
      "investmentArrangementNumber": "80002001",
      "flowType": "NEW",
      "status": "DRAFT",
      "parts": [],
      "agreementPdfTitle": "Uitgangspunten PRODUCT NAMR (PDF)",
      "agreementReceived": false
    }
  }
}
