{
  "request": {
    "method": "POST",
    "urlPathPattern": "/offer-queries",
    "bodyPatterns": [
      {
        "matchesJsonPath": {
          "expression": "$.operationName",
          "equalTo": "GetOpenOfferSummaries"
        }
      }
    ]
  },
  "response": {
    "status": 200,
    "headers": {
      "Content-Type": "application/json"
    },
    "transformers": ["response-template"],
    "jsonBody": {
      "data": {
        "openOfferSummaries": []
      }
    }
  }
}
