{
  "request": {
    "method": "POST",
    "urlPattern": "/investments/employees"
  },
  "response": {
    "status": 200,
    "headers": {
      "Content-Type": "application/json"
    },
    "jsonBody": {
      "data": {
        "employee": {
          "displayName": "Sneeuw, J (Johan)",
          "authorizations": [
            "EditSettings",
            "Function2",
            "Function3"
          ],
          "id": "987651234",
          "department": "WSTRS NRT WNTRF 001",
          "__typename": "Employee"
        },
        "relation": {
          "id": "000000111395100",
          "involvedParty": "PERSON",
          "localBankCode": "3033",
          "status": "CLIENT",
          "correspondenceLanguageCode": "NL",
          "addresses": [
            {
              "type": "RESIDENTIAL",
              "isCorrespondenceAllowed": false,
              "postalcode": "9968KD",
              "streetName": "Croeselaan",
              "houseNumber": 110,
              "houseNumberExtension": "a",
              "cityName": "Utrecht",
              "countryCode": "NL",
              "isPrimary": true,
              "__typename": "Address"
            },
            {
              "type": "CORRESPONDENCE",
              "isCorrespondenceAllowed": true,
              "postalcode": "9968KD",
              "streetName": "Postbus",
              "houseNumber": 555,
              "houseNumberExtension": null,
              "cityName": "Amsterdam",
              "countryCode": "NL",
              "isPrimary": false,
              "__typename": "Address"
            }
          ],
          "phoneNumbers": [
            {
              "number": "0155625325",
              "type": "OTHER",
              "isPrimary": true,
              "__typename": "PhoneNumber"
            }
          ],
          "emailAddresses": [
            {
              "address": "arie.vanderplas@gmail.com",
              "isPrimary": true,
              "__typename": "EmailAddress"
            },
            {
              "address": "arie1983@gmx.net",
              "isPrimary": false,
              "__typename": "EmailAddress"
            },
            {
              "address": "arie@gaastra.com",
              "isPrimary": false,
              "__typename": "EmailAddress"
            }
          ],
          "dateOfBirth": "1983-12-01",
          "naturalPersonName": {
            "givenName": "Arie",
            "displayName": "A.F.M. van de Plas",
            "__typename": "NaturalPersonName"
          },
          "gender": "MALE",
          "mifidId": "NLAA7654321",
          "__typename": "PersonRelation"
        }
      }
    }
  }
}
