<?xml version="1.0" encoding="UTF-8"?>
<ruleset xmlns="http://mojo.codehaus.org/versions-maven-plugin/rule/2.0.0" xmlns:xsi="http://www.w3.org/2001/XMLSchema-instance" comparisonMethod="maven" xsi:schemaLocation="http://mojo.codehaus.org/versions-maven-plugin/rule/2.0.0 http://mojo.codehaus.org/versions-maven-plugin/xsd/rule-2.0.0.xsd">
    <ignoreVersions>
        <!-- Ignore Alpha's, Beta's, release candidates, milestones and other exotics -->
        <ignoreVersion type="regex">(?i).*Alpha(?:-?\d+)?</ignoreVersion>
        <ignoreVersion type="regex">(?i).*a(?:-?\d+)?</ignoreVersion>
        <ignoreVersion type="regex">(?i).*Beta(?:-?\d+)?</ignoreVersion>
        <ignoreVersion type="regex">(?i).*-B(?:-?\d+)?</ignoreVersion>
        <ignoreVersion type="regex">(?i).*RC(?:-?\d+)?</ignoreVersion>
        <ignoreVersion type="regex">(?i).*CR(?:-?\d+)?</ignoreVersion>
        <ignoreVersion type="regex">(?i).*M(?:-?\d+)?</ignoreVersion>
        <ignoreVersion type="regex">(?i).*native-mt(?:-?\d+)?</ignoreVersion>
        <ignoreVersion type="regex">(?i).*jboss(?:-?\d+)?</ignoreVersion>
        <ignoreVersion type="regex">(?i).*preview.*</ignoreVersion>
        <ignoreVersion type="regex">(?i).*redhat-.*</ignoreVersion>
    </ignoreVersions>
    <rules>
        <!-- Ignore commons-io exotics -->
        <rule groupId="commons-io" artifactId="commons-io">
            <ignoreVersions>
                <ignoreVersion type="regex">^200.*$</ignoreVersion>
            </ignoreVersions>
        </rule>
    </rules>
</ruleset>
